Country_Name;region;Homicide_per_100k;Homicide_F_percentage;Homicide_M_percentage;Electoral_Democracy;Liberal_Democracy;Participatory_Democracy;Deliberative_Democracy;Egalitarian_Democracy;Primary_Enrolled_per_K;Secondary_Low_Enrolled_per_K;Secondary_Up_Enrolled_per_K;Happiness_Score;Gdp_per_Capita;Social_Support;Healthy_Life_Exp;Freedom_of_Choices;Generosity;Corruption;Infant_mortality_per_K;Increase_Rase_Percent;Life_Exp_Birth_F_Y;Life_Exp_Birth_Y;Child_per_W;Life_Exp_Birth_M_Y;Population;Area_km2;Density_per_km2;Growth_Rate;World_Population_Percentage;Seats_percentage;Country Name;adolescent_fertility_rate;age_dependency_ratio_pct;stillbirths_number;death_injury_pct;death_noncommunicable_pct;education_spending_gdp_pct;unemployment_female_pct;safe_sanitation_pct;tobacco_use_pct;unemployment_male_pct;rural_population;basic_sanitation_pct;death_rate_crude;tuberculosis_incidence_per_100k;pop_80_plus_female;pop_80_plus_male;pop_80_plus_male_pct;pop_80_plus_female_pct;urban_population;pop_male_pct_total;health_spending_gdp_pct;rural_pop_pct_total;rural_pop_growth_pct;birth_rate_crude;death_communicable_pct;labor_force_total;alcohol_consumption_liters;urban_pop_growth_pct;net_migration;pop_female_pct_total
Afghanistan;Asia;4;;;0,158;4,2999999999999997E-2;4,8000000000000001E-2;4,1000000000000002E-2;8,2000000000000003E-2;6,1989999999999998;1,669;982;3,5750000000000002;0,31981999999999999;0,30285000000000001;0,30335000000000001;0,23413999999999999;0,36509999999999998;9,7189999999999999E-2;40,799999999999997;2,7000000000000002;66,200000000000003;62,899999999999999;4,5;59,799999999999997;41128771;652230;63,058700000000002;1,0257000000000001;0,52000000000000002;27;Afghanistan;86,799999999999997;87,650000000000006;37849;17,289999999999999;49,780000000000001;0;13,880000000000001;0;23,800000000000001;10,24;28042342;51;6,79;189;59648;40867;0,20999999999999999;0,32000000000000001;9727157;50,539999999999999;0,5;74,25;2,5600000000000001;36,469999999999999;32,93;9991682;0,02;3,9199999999999999;-8082;49,460000000000001
Albania;Europe;2,2999999999999998;0,80000000000000004;3,7999999999999998;0,48899999999999999;0,40999999999999998;0,30199999999999999;0,312;0,36799999999999999;188;175;140;4,9589999999999996;0,87866999999999995;0,80434000000000005;0,81325000000000003;0,35732999999999998;0,14272000000000001;6,4130000000000006E-2;8,1999999999999993;-0,40000000000000002;79,5;76,799999999999997;1,3999999999999999;74,5;2842321;28748;98,870199999999997;0,99570000000000003;4,0000000000000001E-2;35,700000000000003;Albania;15,01;47,280000000000001;128;3,04;93,939999999999998;3,9199999999999999;11,32;50,479999999999997;23;11,58;1106598;99,180000000000007;8,4800000000000004;16;50274;44301;3,1000000000000001;3,5299999999999998;1747593;50,060000000000002;2,8700000000000001;38,770000000000003;-2,75;10,34;3,02;1433004;5,1100000000000003;1,0700000000000001;-8889;49,939999999999998
Algeria;Africa;1,6000000000000001;0,69999999999999996;2,3999999999999999;0,28100000000000003;0,13800000000000001;0,111;0,187;0,26700000000000002;3,9249999999999998;;;5,6050000000000004;0,93928999999999996;1,07772;0,61765999999999999;0,28578999999999999;7,8219999999999998E-2;0,17383000000000001;16,600000000000001;1,6000000000000001;78,5;77,099999999999994;2,7999999999999998;75,900000000000006;44903225;2381741;18,853100000000001;1,0164;0,56000000000000005;8,0999999999999996;Algeria;12,300000000000001;57,049999999999997;10028;7,6600000000000001;79,359999999999999;6,04;18,68;62,409999999999997;21;8,5299999999999994;11449736;86,140000000000001;4,3899999999999997;61;237013;192727;0,89000000000000001;1,1299999999999999;31255632;50,950000000000003;4,0700000000000003;26,809999999999999;-0,23000000000000001;23,300000000000001;12,98;12396383;0,60999999999999999;2,6099999999999999;-36386;49,049999999999997
Andorra;Europe;;;;;;;;;4;3;1;;;;;;;;5,4000000000000004;0,29999999999999999;85,799999999999997;83,599999999999994;1,1000000000000001;81,400000000000006;79824;468;170,5641;1,01;0;46,399999999999999;Andorra;5,9800000000000004;37,960000000000001;1;0;0;3,1499999999999999;0;100;32;0;9173;100;3,8999999999999999;7,5;1564;1064;2,7400000000000002;4,1699999999999999;67170;50,880000000000003;5,3099999999999996;12,02;2,4100000000000001;7;0;0;11,050000000000001;1,6699999999999999;1238;49,119999999999997
Angola;Africa;;;;0,34200000000000003;0,16800000000000001;9,2999999999999999E-2;0,16300000000000001;0,14199999999999999;5,6210000000000004;;;4,0330000000000004;0,75778000000000001;0,86040000000000005;0,16683000000000001;0,10384;0,12343999999999999;7,1220000000000006E-2;48,200000000000003;3;64,5;61,899999999999999;5,2000000000000002;59,399999999999999;35588987;1246700;28,546600000000002;1,0315000000000001;0,45000000000000001;29,600000000000001;Angola;141,28;92,310000000000002;25529;9,0899999999999999;31,75;2,0699999999999998;9,1600000000000001;0;0;9,8000000000000007;10942954;51,390000000000001;7,8099999999999996;351;64478;40534;0,25;0,39000000000000001;21410634;49,399999999999999;1,0900000000000001;33,82;1,45;39,719999999999999;59,159999999999997;13629799;6,1699999999999999;4,4000000000000004;58986;50,600000000000001
Antigua and Barbuda;Americas;17,199999999999999;10,300000000000001;24,699999999999999;;;;;;10;5;3;;;;;;;;5;0,59999999999999998;81,599999999999994;79,200000000000003;1,6000000000000001;76,5;93763;442;212,1335;1,0058;0;11,1;Antigua and Barbuda;30,829999999999998;40,479999999999997;6;5,3700000000000001;84,790000000000006;3,46;0;0;0;0;69543;97,400000000000006;5,8600000000000003;0;1112;591;1,3400000000000001;2,3100000000000001;22574;47,719999999999999;2,5600000000000001;75,489999999999995;0,66000000000000003;11,48;9,8300000000000001;0;8,5099999999999998;0,16;0;52,280000000000001
Argentina;Americas;4,5999999999999996;1,3;8;0,81100000000000005;0,65700000000000003;0,55100000000000005;0,66600000000000004;0,621;4,7839999999999998;2,7229999999999999;1,7789999999999999;6,5739999999999998;1,0535099999999999;1,24823;0,78722999999999999;0,44973999999999997;0,11451;8,4839999999999999E-2;8,8000000000000007;0,5;79,299999999999997;76,099999999999994;1,8999999999999999;72,900000000000006;45510318;2780400;16,368300000000001;1,0052000000000001;0,56999999999999995;44,799999999999997;Argentina;46,149999999999999;55,140000000000001;3252;5,71;76,689999999999998;4,7800000000000002;10,710000000000001;0;24,899999999999999;9,1999999999999993;3599141;0;7,5999999999999996;29;868995;398051;1,79;3,8300000000000001;41339571;49,509999999999998;6,0599999999999996;8,0099999999999998;-0,51000000000000001;14,779999999999999;17,600000000000001;20607477;8,0399999999999991;1,1299999999999999;4478;50,490000000000002
Armenia;Asia;2,2000000000000002;0,90000000000000002;3,7000000000000002;0,72599999999999998;0,54100000000000004;0,45700000000000002;0,58099999999999996;0,60399999999999998;145;;97;4,3499999999999996;0,76820999999999995;0,77710999999999997;0,72989999999999999;0,19847000000000001;7,8549999999999995E-2;0,039;8,0999999999999996;-0,20000000000000001;78,400000000000006;73,400000000000006;1,6000000000000001;67,900000000000006;2780469;29743;93,483099999999993;0,99619999999999997;2,9999999999999999E-2;34,600000000000001;Armenia;19,039999999999999;47,770000000000003;441;4,6799999999999997;88,629999999999995;2,5699999999999998;10,43;10,859999999999999;25,800000000000001;14,109999999999999;1037446;93,859999999999999;9,6600000000000001;26;66317;21300;1,6699999999999999;4,29;1783156;45,189999999999998;1,4099999999999999;36,780000000000001;-0,75;12,890000000000001;6,6900000000000004;1411206;4,9800000000000004;-0,45000000000000001;-25363;54,810000000000002
Australia;Oceania;0,69999999999999996;0,40000000000000002;1,1000000000000001;0,84899999999999998;0,80400000000000005;0,60899999999999999;0,77500000000000002;0,71699999999999997;2,141;1,4079999999999999;1,3009999999999999;7,2839999999999998;1,33358;1,3092299999999999;0,93156000000000005;0,65124000000000004;0,43562000000000001;0,35637000000000002;2,7999999999999998;1;85,5;83,599999999999994;1,6000000000000001;81,700000000000003;26177413;7692024;3,4032;1,0099;0,33000000000000002;31,100000000000001;Australia;8,9399999999999995;52,93;769;5,9400000000000004;89,109999999999999;5,1299999999999999;5,0999999999999996;95,510000000000005;14;5,21;3515460;100;6,7000000000000002;6,7999999999999998;594552;426809;3,3999999999999999;4,6600000000000001;21819366;49,609999999999999;7,5499999999999998;13,880000000000001;0,67000000000000004;12,1;4,9400000000000004;13587463;10,09;1,6100000000000001;235860;50,390000000000001
Austria;Europe;0,69999999999999996;0,90000000000000002;0,59999999999999998;0,82699999999999996;0,751;0,58799999999999997;0,69699999999999995;0,74299999999999999;328;334;358;7,2000000000000002;1,3372299999999999;1,29704;0,89041999999999999;0,62433000000000005;0,33088000000000001;0,18676000000000001;2,5;0,20000000000000001;84,599999999999994;82,400000000000006;1,5;80,200000000000003;8939617;83871;106,5877;1,002;0,11;41,5;Austria;5,5;50,049999999999997;196;5,4500000000000002;90,980000000000004;5,2199999999999998;4,3499999999999996;99,670000000000002;27,100000000000001;4,6100000000000003;3683835;99,969999999999999;9,4000000000000004;6;288812;169370;3,8799999999999999;6,4000000000000004;5196085;49,189999999999998;7,8499999999999996;41,479999999999997;-8,0000000000000002E-2;9,5999999999999996;3,5699999999999998;4662739;11,970000000000001;0,81999999999999995;41105;50,810000000000002
Azerbaijan;Asia;1,8999999999999999;1,3;2,5;0,19600000000000001;6,6000000000000003E-2;0,062;5,0999999999999997E-2;0,113;551;574;;5,2119999999999997;1,02389;0,93793000000000004;0,64044999999999996;0,37030000000000002;7,7990000000000004E-2;0,16064999999999999;16,399999999999999;0,59999999999999998;76,200000000000003;73,5;1,7;70,599999999999994;10358074;86600;119,6082;1,0044;0,13;18,300000000000001;Azerbaijan;49,399999999999999;44,210000000000001;1356;3,7599999999999998;90,25;3,1800000000000002;5,6900000000000004;69,040000000000006;24,199999999999999;4,0199999999999996;4407577;96,129999999999995;5,5999999999999996;60;80050;41134;0,82999999999999996;1,5800000000000001;5616706;49,359999999999999;1,28;43,969999999999999;5,0000000000000003E-2;14,1;5,9900000000000002;4964822;1,97;1,48;392;50,640000000000001
Bahamas;Americas;29,199999999999999;2,7999999999999998;57,899999999999999;;;;;;33;13;13;;;;;;;;10,1;0,69999999999999996;77,799999999999997;74,400000000000006;1,3999999999999999;70,799999999999997;409984;13943;29,404299999999999;1,0051000000000001;0,01;18;Bahamas;26,02;40,289999999999999;55;13,859999999999999;75,430000000000007;2,7000000000000002;10,02;0;10,699999999999999;10,07;68241;94,930000000000007;7,9400000000000004;14;3983;2269;1,1699999999999999;1,8899999999999999;336316;47,890000000000001;3,0800000000000001;16,870000000000001;0,02;11,49;10,710000000000001;235408;4,3899999999999997;0,79000000000000004;1001;52,109999999999999
Bahrain;Asia;0,10000000000000001;0,20000000000000001;0;0,121;5,3999999999999999E-2;3,5999999999999997E-2;6,8000000000000005E-2;0,113;108;47;45;5,96;1,32376;1,21624;0,74716000000000005;0,45491999999999999;0,17362;0,30599999999999999;5,4000000000000004;0,90000000000000002;80,5;79,200000000000003;1,8;78,200000000000003;1472233;765;1924,4875999999999;1,0061;0,02;15;Bahrain;9,6799999999999997;29,899999999999999;118;8,8900000000000006;86,099999999999994;2,3799999999999999;3,77;91,290000000000006;15,199999999999999;0,47999999999999998;158474;100;2;14;3527;3106;0,33000000000000002;0,63;1335714;62,469999999999999;2,3100000000000001;10,609999999999999;-0,54000000000000004;13,199999999999999;5,0099999999999998;864850;1,5800000000000001;0,57999999999999996;-17127;37,530000000000001
Bangladesh;Asia;;;;0,26300000000000001;0,10299999999999999;0,124;0,113;9,9000000000000005E-2;;8,2469999999999999;6,3200000000000003;4,694;0,39752999999999999;0,43106;0,60163999999999995;0,40820000000000001;0,21221999999999999;0,12569;20,399999999999999;1;76;73,700000000000003;2;71,5;171186372;147570;1160,0350000000001;1,0107999999999999;2,1499999999999999;20,899999999999999;Bangladesh;77,680000000000007;49,259999999999998;70304;7,1299999999999999;70,260000000000005;1,6799999999999999;6,6299999999999999;27,719999999999999;35,200000000000003;3,3199999999999998;103604879;54,909999999999997;5,2800000000000002;221;735015;612986;0,75;0,88;61911343;49,640000000000001;0,52000000000000002;62,600000000000001;-0,11;18,350000000000001;22,609999999999999;70248864;0,01;3,2000000000000002;-344054;50,359999999999999
Barbados;Americas;11,4;4,0999999999999996;19,300000000000001;0,79400000000000004;0,67800000000000005;0,34899999999999998;0,68100000000000005;0,66300000000000003;21;12;8;;;;;;;;10,4;0,10000000000000001;79,599999999999994;77,700000000000003;1,6000000000000001;75,700000000000003;281635;430;654,96510000000001;1,0015000000000001;0;20;Barbados;42,159999999999997;47,560000000000002;24;4,3099999999999996;82,790000000000006;4,1100000000000003;7,2800000000000002;0;8,5;9,5399999999999991;192882;98,090000000000003;8,9100000000000001;0;5099;3071;2,29;3,4900000000000002;87298;47,909999999999997;2,7799999999999998;68,840000000000003;0,16;10,880000000000001;12,9;143823;9,4700000000000006;0,20999999999999999;-65;52,090000000000003
Belarus;Europe;;;;0,17599999999999999;3,7999999999999999E-2;6,0999999999999999E-2;4,1000000000000002E-2;0,221;387;445;200;5,8129999999999997;1,0319199999999999;1,23289;0,73607999999999996;0,37938;0,11046;0,19089999999999999;1,8999999999999999;-0,29999999999999999;78,400000000000006;73,200000000000003;1,5;68,099999999999994;9534954;207600;45,929499999999997;0,99550000000000005;0,12;40;Belarus;11,83;49,32;219;5,71;92,680000000000007;4,9800000000000004;3,2000000000000002;75,230000000000004;30,899999999999999;5,1200000000000001;1974004;99,340000000000003;12,800000000000001;29;300468;92184;2,1200000000000001;5,9299999999999997;7445754;46,18;4,1299999999999999;20,960000000000001;-2,3199999999999998;9,3000000000000007;1,6100000000000001;4971033;10,9;0,37;15082;53,82
Belgium;Europe;1,1000000000000001;0,20000000000000001;2;0,89300000000000002;0,81999999999999995;0,63600000000000001;0,82299999999999995;0,82599999999999996;783;445;773;6,9370000000000003;1,30782;1,28566;0,89666999999999997;0,58450000000000002;0,2225;0,22539999999999999;2,8999999999999999;0,29999999999999999;84,400000000000006;82,299999999999997;1,6000000000000001;80,200000000000003;11655930;30528;381,81110000000001;1,0038;0,14999999999999999;42;Belgium;5,2999999999999998;55,969999999999999;343;6,1200000000000001;85,980000000000004;6,3300000000000001;4,9400000000000004;93,189999999999998;23,899999999999999;5,7300000000000004;225069;99,489999999999995;9,5;8,9000000000000004;410401;242033;4,2699999999999996;7,0499999999999998;11263911;49,329999999999998;8,0999999999999996;1,96;-1,48;10,199999999999999;7,9000000000000004;5194405;10,279999999999999;0,57999999999999996;54395;50,670000000000002
Belize;Americas;31,199999999999999;5,5;56,700000000000003;;;;;;52;29;9;;;;;;;;10,1;1,3;74,700000000000003;71;2;67,700000000000003;405272;22966;17,646599999999999;1,0130999999999999;0,01;12,5;Belize;64,400000000000006;51,590000000000003;51;18,850000000000001;65,219999999999999;5,9100000000000001;13,960000000000001;0;8,8000000000000007;6,0300000000000002;210633;88,200000000000003;4,7300000000000004;27;1767;1573;0,80000000000000004;0,91000000000000003;178462;50,359999999999999;4,0899999999999999;54,130000000000003;1,5600000000000001;18,890000000000001;15,94;177832;5,71;2,1299999999999999;1164;49,640000000000001
Benin;Africa;;;;0,41799999999999998;0,28899999999999998;0,252;0,29799999999999999;0,33300000000000002;2,238;707;257;3,3399999999999999;0,28665000000000002;0,35386000000000001;0,31909999999999999;0,48449999999999999;0,18260000000000001;8,0100000000000005E-2;54,399999999999999;2,7000000000000002;61,700000000000003;60;4,9000000000000004;58,299999999999997;13352864;112622;118,5635;1,0274000000000001;0,17000000000000001;7,4000000000000004;Benin;93,900000000000006;84,939999999999998;9656;9,1899999999999995;38,979999999999997;3;1,74;2,5899999999999999;7,2000000000000002;1,24;6408115;18,629999999999999;9,25;55;29766;19618;0,32000000000000001;0,47999999999999998;5882329;50,060000000000002;0,54000000000000004;52,140000000000001;1,8400000000000001;37,670000000000002;51,829999999999998;4403417;8,3499999999999996;4,04;3363;49,939999999999998
Bhutan;Asia;;;;0,57099999999999995;0,47599999999999998;0,35899999999999999;0,505;0,48099999999999998;99;54;21;5,2530000000000001;0,77041999999999999;1,10395;0,57406999999999997;0,53205999999999998;0,47998000000000002;0,15445;20,699999999999999;0,59999999999999998;74,200000000000003;72,200000000000003;1,3999999999999999;70,599999999999994;782455;38394;20,3796;1,0064;0,01;17,399999999999999;Bhutan;19,66;43,380000000000003;93;9,0500000000000007;72,739999999999995;4,7599999999999998;3,3399999999999999;49,509999999999998;0;2,2999999999999998;448104;75,400000000000006;6,6299999999999999;164;4483;4103;1,01;1,24;319355;53,049999999999997;2,6499999999999999;58,390000000000001;-0,52000000000000002;12,869999999999999;18,210000000000001;367463;0,20000000000000001;2,4399999999999999;291;46,950000000000003
Bolivia;Americas;3,5;2,8999999999999999;3,7999999999999998;0,60399999999999998;0,35699999999999998;0,42599999999999999;0,41599999999999998;0,39700000000000002;1,345;453;781;5,8899999999999997;0,68132999999999999;0,97841;0,53920000000000001;0,57413999999999998;0,20535999999999999;8,7999999999999995E-2;24,899999999999999;1,2;67,900000000000006;64,900000000000006;2,6000000000000001;62,299999999999997;12224110;1098581;11,1272;1,012;0,14999999999999999;46,200000000000003;Bolivia;65,629999999999995;57,960000000000001;2420;8,6999999999999993;72,680000000000007;8,0899999999999999;4;0;13,199999999999999;3,4399999999999999;3559929;63,82;7,1299999999999999;106;49312;30653;0,52000000000000002;0,83999999999999997;8217386;50,240000000000002;4,9000000000000004;30,23;0,31;22,32;18,620000000000001;5684739;4,0999999999999996;1,96;-8978;49,759999999999998
Bosnia and Herzegovina;Europe;1;0,40000000000000002;1,6000000000000001;0,51900000000000002;0,35699999999999998;0,316;0,35099999999999998;0,36899999999999999;163;134;144;4,9489999999999998;0,83223000000000003;0,91915999999999998;0,79081000000000001;9,2450000000000004E-2;0,24807999999999999;2,2699999999999999E-3;4,9000000000000004;-0,80000000000000004;77,5;75,299999999999997;1,3;73,099999999999994;3233526;51209;63,143700000000003;0,98860000000000003;4,0000000000000001E-2;26,199999999999999;Bosnia and Herzegovina;10,220000000000001;47,43;82;3,77;94,420000000000002;0;18,75;0;35,5;13,630000000000001;1726532;0;12,27;27;80997;53006;3,21;4,7400000000000002;1634179;49,170000000000002;6,2199999999999998;51,369999999999997;-1,8999999999999999;8,8200000000000003;1,8100000000000001;1344543;6,3799999999999999;-0,38;-27848;50,829999999999998
Botswana;Africa;10,5;7,5999999999999996;;0,59599999999999997;0,48499999999999999;0,40100000000000002;0,45200000000000001;0,42899999999999999;345;124;;4,3319999999999999;0,99355000000000004;1,1046400000000001;4,7759999999999997E-2;0,49495;0,10460999999999999;0,12474;33,100000000000001;1,7;68,400000000000006;65,900000000000006;2,7999999999999998;63,299999999999997;2630296;582000;4,5194000000000001;1,0162;2,9999999999999999E-2;11,1;Botswana;51,149999999999999;58,43;961;9,3900000000000006;45,710000000000001;8,4000000000000004;21,969999999999999;0;19,800000000000001;18,420000000000002;745611;79,75;6,9699999999999998;253;8319;4757;0,39000000000000001;0,66000000000000003;1754091;49,329999999999998;4,3700000000000001;29,829999999999998;-0,45000000000000001;24,890000000000001;44,899999999999999;1063621;8,1600000000000001;2,9900000000000002;2933;50,670000000000002
Brazil;Americas;;;;0,66700000000000004;0,51300000000000001;0,41599999999999998;0,41199999999999998;0,318;16,298999999999999;13,815;9,6869999999999994;6,9829999999999997;0,98124;1,2328699999999999;0,69701999999999997;0,49048999999999998;0,14574000000000001;0,17521;12,300000000000001;0,5;76,599999999999994;73,400000000000006;1,6000000000000001;70,299999999999997;215313498;8515767;25,284099999999999;1,0045999999999999;2,7000000000000002;14,800000000000001;Brazil;50,020000000000003;43,140000000000001;20321;11,550000000000001;74,739999999999995;5,96;14,49;47,850000000000001;13,199999999999999;10,15;27904512;89,299999999999997;6,5700000000000003;46;2064074;1183575;1,1399999999999999;1,9199999999999999;183878366;49,159999999999997;3,9199999999999999;13,18;-1,1499999999999999;13,630000000000001;13,710000000000001;107415119;7,6699999999999999;1,0600000000000001;69186;50,840000000000003
Brunei Darussalam;Asia;;;;;;;;;40;14;38;;;;;;;;9,3000000000000007;0,80000000000000004;76,799999999999997;74,599999999999994;1,8;72,5;449002;5765;77,884100000000004;1,0081;0,01;9,0999999999999996;Brunei Darussalam;9,9600000000000009;39,020000000000003;31;4,9900000000000002;84,670000000000002;0;8,2799999999999994;0;16,199999999999999;5,96;96625;95,829999999999998;4,8300000000000001;64;1814;1238;0,55000000000000004;0,85999999999999999;341423;51,789999999999999;2,0699999999999998;22,059999999999999;-0,54000000000000004;14,58;10,34;217445;0,40999999999999998;1,27;-587;48,210000000000001
Bulgaria;Europe;1,3;0,80000000000000004;1,8;0,66700000000000004;0,55500000000000005;0,48799999999999999;0,56000000000000005;0,498;262;224;278;4,218;1,0121599999999999;1,1061399999999999;0,76649;0,30586999999999998;0,11921;8,7200000000000003E-3;5,2999999999999998;-1,5;75,099999999999994;71,5;1,6000000000000001;68,299999999999997;6781953;110879;61,165399999999998;0,9849;8,9999999999999997E-2;22,5;Bulgaria;39,240000000000002;56,280000000000001;325;2,4700000000000002;95,310000000000002;4,2000000000000002;3,8700000000000001;70,439999999999998;39,399999999999999;4,54;1719734;86,019999999999996;15,5;21;240370;130139;3,8500000000000001;6,6900000000000004;5256027;48,509999999999998;4,1900000000000004;24,649999999999999;-2,0699999999999998;8,8000000000000007;2,21;3391873;11,92;-0,25;-11439;51,490000000000002
Burkina Faso;Africa;;;;0,628;0,42799999999999999;0,34499999999999997;0,495;0,39700000000000002;2,7069999999999999;812;153;3,5870000000000002;0,25812000000000002;0,85187999999999997;0,27124999999999999;0,39493;0,21747;0,12831999999999999;47,399999999999999;2,5;61,5;59,799999999999997;4,7000000000000002;58;22673762;272967;83,064099999999996;1,0259;0,28000000000000003;6,2999999999999998;Burkina Faso;113,42;89,769999999999996;16079;11,130000000000001;34,770000000000003;5,4100000000000001;4,6399999999999997;8,9399999999999995;14,9;4,7400000000000002;14670338;22,82;8,75;47;33069;18536;0,17999999999999999;0,31;6281301;49,789999999999999;2,25;70,019999999999996;1,8200000000000001;36,689999999999998;54,100000000000001;7569473;9,8100000000000005;4,7999999999999998;-25277;50,210000000000001
Burundi;Africa;;;;0,17999999999999999;7,0000000000000007E-2;9,0999999999999998E-2;9,1999999999999998E-2;0,112;2,0720000000000001;500;164;2,9049999999999998;1,5299999999999999E-2;0,41587000000000002;0,22395999999999999;0,11849999999999999;0,19727;0,10062;36,299999999999997;2,7000000000000002;63,899999999999999;62;5;60,100000000000001;12889576;27834;463,0874;1,0269999999999999;0,16;38,200000000000003;Burundi;54,859999999999999;98,209999999999994;9444;12,06;36,759999999999998;5,3499999999999996;0,85999999999999999;0;12,199999999999999;0,89000000000000001;10287647;45,75;7,3499999999999996;107;20228;12126;0,20999999999999999;0,34000000000000002;1587191;49,640000000000001;2,3900000000000001;86,629999999999995;2,8799999999999999;36,32;51,170000000000002;4990348;4,1299999999999999;5,79;14241;50,359999999999999
Cabo Verde;Africa;;;;0,77300000000000002;0,67600000000000005;0,48899999999999999;0,64300000000000002;0,59799999999999998;66;35;24;;;;;;;;11,4;0,90000000000000002;79;74,700000000000003;1,8999999999999999;70,299999999999997;593149;4033;147,07390000000001;1,0088999999999999;0,01;38,899999999999999;Cabo Verde;56,450000000000003;48,729999999999997;97;14,050000000000001;70,120000000000005;4,1399999999999997;11,619999999999999;0;11,699999999999999;12,68;195065;78,819999999999993;5,1600000000000001;46;6754;2745;0,95999999999999996;2,3300000000000001;381965;49,729999999999997;3,25;33,799999999999997;-0,34999999999999998;17,460000000000001;15,83;240383;6,2699999999999996;1,72;-1296;50,270000000000003
Cambodia;Asia;;;;0,19700000000000001;6,5000000000000002E-2;0,11899999999999999;6,5000000000000002E-2;8,5999999999999993E-2;2,012;547;;3,819;0,46038000000000001;0,62736000000000003;0,61114000000000002;0,66246000000000005;0,40359;7,2470000000000007E-2;20,600000000000001;1;72,599999999999994;69,900000000000006;2,2999999999999998;67,099999999999994;16767842;181035;92,622100000000003;1,0107999999999999;0,20999999999999999;20,800000000000001;Cambodia;46,890000000000001;53,700000000000003;3976;9,2400000000000002;67,719999999999999;2,8300000000000001;0,17999999999999999;32,07;21,899999999999999;0,12;12349492;66,959999999999994;5,9500000000000002;287;69824;38304;0,47999999999999998;0,84999999999999998;3858254;49,490000000000002;1,6799999999999999;76,189999999999998;0,58999999999999997;20,280000000000001;23,030000000000001;8636531;8,4800000000000004;2,8999999999999999;-55607;50,509999999999998
Cameroon;Africa;;;;0,29099999999999998;0,123;0,114;0,10000000000000001;0,184;4,3700000000000001;1,47;638;4,2519999999999998;0,42249999999999999;0,88766999999999996;0,23402000000000001;0,49308999999999997;0,20618;5,7860000000000002E-2;45,799999999999997;2,6000000000000001;62,600000000000001;61;4,4000000000000004;59,399999999999999;27914536;475442;58,712800000000001;1,0263;0,34999999999999998;33,899999999999999;Cameroon;114,53;83,709999999999994;18384;10,460000000000001;37,729999999999997;3,0499999999999998;4,1399999999999997;0;7,5;3,1699999999999999;11094657;42,399999999999999;8,1600000000000001;179;59770;45481;0,34999999999999998;0,46000000000000002;14687684;49,859999999999999;0,40999999999999998;43,030000000000001;1,3999999999999999;36,149999999999999;51,82;10596388;10,1;3,8199999999999998;-12254;50,140000000000001
Canada;Americas;2,1000000000000001;1;3,1000000000000001;0,85099999999999998;0,747;0,60299999999999998;0,72499999999999998;0,74199999999999999;2,3039999999999998;1,1519999999999999;1,49;7,4269999999999996;1,32629;1,3226100000000001;0,90563000000000005;0,63297000000000003;0,45811000000000002;0,32956999999999997;3,8999999999999999;0,90000000000000002;84,799999999999997;82,799999999999997;1,5;80,900000000000006;38454327;9984670;3,8513000000000002;1,0078;0,47999999999999998;30,5;Canada;6,8899999999999997;50,479999999999997;1031;5,4199999999999999;89,810000000000002;4,7699999999999996;5,25;84,060000000000002;13,6;6,0300000000000002;6962996;98,760000000000005;7,5999999999999996;5,9000000000000004;972779;652980;3,5;5,1399999999999997;30638234;49,68;7,6399999999999997;18,52;1,05;9,9000000000000004;4,7699999999999996;20758436;9,9000000000000004;1,52;391914;50,32
Central African Republic;Africa;;;;0,33400000000000002;0,17499999999999999;0,14099999999999999;0,16700000000000001;0,16400000000000001;;;;3,6779999999999999;0,0785;0;6,6989999999999994E-2;0,48879;0,23835000000000001;8,2890000000000005E-2;67,700000000000003;2,7999999999999998;56,799999999999997;54,5;5,9000000000000004;52,299999999999997;5579144;622984;8,9555000000000007;1,0224;7,0000000000000007E-2;12,9;Central African Republic;162,61000000000001;103,54000000000001;6030;9,0199999999999996;31,920000000000002;1,77;6,46;13,949999999999999;0;5,1799999999999997;3033389;14,48;10,869999999999999;540;6307;5198;0,20000000000000001;0,23999999999999999;2175935;50,020000000000003;0,81999999999999995;58,229999999999997;1,53;41,920000000000002;59,060000000000002;1893599;1,99;3,2000000000000002;-36942;49,979999999999997
Chad;Africa;;;;0,189;5,0999999999999997E-2;0,11700000000000001;0,112;0,078;2,27;357;156;3,6669999999999998;0,34193000000000001;0,76061999999999996;0,15010000000000001;0,23501;0,18386;5,2690000000000001E-2;65,5;3,1000000000000001;54,799999999999997;53;6,2000000000000002;51,299999999999997;17723315;1284000;13,8032;1,0316000000000001;0,22;31,199999999999999;Chad;143,44999999999999;99,900000000000006;18694;9,5700000000000003;26,989999999999998;2,3700000000000001;0,77000000000000002;10,42;8,5;1,3600000000000001;12372693;12,289999999999999;12,369999999999999;142;21610;15416;0,19;0,27000000000000002;3754173;50,189999999999998;0,69999999999999996;76,719999999999999;3,0099999999999998;44,229999999999997;63,450000000000003;5027534;3,73;4,2400000000000002;-9469;49,810000000000002
Chile;Americas;3,6000000000000001;0,69999999999999996;6,5999999999999996;0,83599999999999997;0,77900000000000003;0,58999999999999997;0,77300000000000002;0,64500000000000002;1,478;514;1,032;6,6699999999999999;1,1071500000000001;1,1244700000000001;0,85857000000000006;0,44131999999999999;0,33362999999999998;0,12869;4,9000000000000004;0,10000000000000001;81,900000000000006;79,5;1,5;77,200000000000003;19603733;756102;25,927399999999999;1,0057;0,25;35,5;Chile;24,129999999999999;44,829999999999998;625;7,7599999999999998;85,129999999999995;5,6200000000000001;8;95,239999999999995;29,899999999999999;6,7400000000000002;2352709;100;6,3499999999999996;18;347875;211826;2,2400000000000002;3,6299999999999999;16686776;49,640000000000001;4,75;12,359999999999999;1,1499999999999999;11,859999999999999;7,1100000000000003;9214285;6,75;1,8799999999999999;230162;50,359999999999999
China;Asia;;;;7,6999999999999999E-2;0,039;4,2000000000000003E-2;8,6999999999999994E-2;9,7000000000000003E-2;95,957999999999998;44,411000000000001;41,716000000000001;5,1399999999999997;0,89012000000000002;0,94674999999999998;0,81657999999999997;0,51697000000000004;8,1850000000000006E-2;2,7810000000000001E-2;5,9000000000000004;0;81,299999999999997;78,599999999999994;1,2;76;1425887337;9706961;146,89330000000001;1;17,879999999999999;24,899999999999999;China;12,94;43,439999999999998;79535;6,8200000000000003;89,629999999999995;3,54;3,96;63,25;25,699999999999999;5,0499999999999998;558762145;91,290000000000006;7,0899999999999999;58;18868020;12103936;1,6799999999999999;2,7400000000000002;848982855;51,109999999999999;3;39,689999999999998;-2,52;10,41;3,5499999999999998;775321104;5,7300000000000004;2,29;-302609;48,890000000000001
Colombia;Americas;27,5;4,0999999999999996;51,5;0,64600000000000002;0,48499999999999999;0,42499999999999999;0,41699999999999998;0,32100000000000001;4,4790000000000001;3,4580000000000002;1,335;6,4770000000000003;0,91861000000000004;1,2401800000000001;0,69077;0,53466000000000002;0,18401000000000001;5,1200000000000002E-2;10,9;0,29999999999999999;77,099999999999994;73,700000000000003;1,7;70,299999999999997;51874024;1141748;45,433900000000001;1,0068999999999999;0,65000000000000002;18,600000000000001;Colombia;61,82;43,950000000000003;5442;14,01;75,650000000000006;4,5099999999999998;12,77;18,030000000000001;8,8000000000000007;7,8899999999999997;9483412;92,150000000000006;5,4100000000000001;35;429646;272907;1,1000000000000001;1,6899999999999999;40703994;49,369999999999997;5,7699999999999996;18,899999999999999;0,12;14,68;10,34;26304740;4,9199999999999999;2,23;395803;50,630000000000003
Comoros;Africa;;;;0,29299999999999998;0,113;0,20899999999999999;0,20499999999999999;0,23000000000000001;;;;3,956;0,23905999999999999;0,79273000000000005;0,36314999999999997;0,22917000000000001;0,17441000000000001;0,19900000000000001;45,5;1,8;66,099999999999994;63,700000000000003;3,8999999999999999;61,5;836774;1862;449,39530000000002;1,0184;0,01;16,699999999999999;Comoros;60,619999999999997;75,459999999999994;610;11,25;44,68;0;10,26;0;20,800000000000001;6,7400000000000002;560303;35,909999999999997;8,1999999999999993;35;2516;1974;0,5;0,64000000000000001;230683;50,210000000000001;0,82999999999999996;70,840000000000003;1,5900000000000001;30,399999999999999;44,07;213852;0,25;2,5600000000000001;-2917;49,789999999999999
Democratic Republic of the Congo;Africa;;;;0,34999999999999998;0,14999999999999999;0,20000000000000001;0,27300000000000002;0,192;13,763;2,1520000000000001;2,4670000000000001;;;;;;;;50;3,2000000000000002;62,100000000000001;59,700000000000003;6,0999999999999996;57,5;99010212;2344858;42,224400000000003;1,0325;1,24;12,800000000000001;Democratic Republic of the Congo;110,75;97,849999999999994;111743;9,6899999999999995;34,130000000000003;0;3,7400000000000002;13,5;13;5,0800000000000001;49407432;16,420000000000002;9,3800000000000008;320;193993;132076;0,29999999999999999;0,42999999999999999;40499458;49,609999999999999;0,56000000000000005;54,950000000000003;2,1299999999999999;42,659999999999997;56,18;31751451;2,1200000000000001;4,5;-144916;50,390000000000001
Congo;Africa;;;;0,245;0,108;0,193;0,19700000000000001;0,13400000000000001;842;;140;3,9889999999999999;0,67866000000000004;0,66290000000000004;0,31051000000000001;0,41465999999999997;0,12388;0,11686000000000001;36,700000000000003;2,2999999999999998;64,599999999999994;63,100000000000001;4,0999999999999996;61,5;5970424;342000;17,4574;1,0230999999999999;7,0000000000000007E-2;11,300000000000001;Congo;106,7;80,200000000000003;2842;9,4600000000000009;38,57;3,5600000000000001;21,859999999999999;0;14,300000000000001;19,379999999999999;1817563;20,359999999999999;7,3899999999999997;373;11285;7470;0,27000000000000002;0,40000000000000002;3753170;49,939999999999998;1,1200000000000001;32,630000000000003;0,95999999999999996;31,68;51,969999999999999;2195682;6,4000000000000004;3,04;-6271;50,060000000000002
Costa Rica;Americas;11,4;2,2000000000000002;20,600000000000001;0,89800000000000002;0,84999999999999998;0,64800000000000002;0,84899999999999998;0,80100000000000005;473;291;169;7,226;0,95577999999999996;1,2378800000000001;0,86026999999999998;0,63375999999999999;0,25496999999999997;0,10582999999999999;6,7999999999999998;0,5;80;77,299999999999997;1,5;74,799999999999997;5180829;51100;101,3861;1,0052000000000001;5,9999999999999998E-2;45,600000000000001;Costa Rica;44,880000000000003;45,200000000000003;287;10,880000000000001;81,989999999999995;6,7400000000000002;14,119999999999999;24,84;9,0999999999999996;8,5099999999999998;1013042;97,849999999999994;5,4699999999999998;10;59125;42156;1,6599999999999999;2,3300000000000001;4071490;50,079999999999998;5,2400000000000002;19,920000000000002;-2,7599999999999998;12,85;7,1299999999999999;2573190;3,4500000000000002;1,79;4154;49,920000000000002
Côte d'Ivoire;Africa;;;;0,436;0,23899999999999999;0,311;0,40100000000000002;0,252;;;;3,6549999999999998;0,46533999999999998;0,77115;0,15185000000000001;0,46866000000000002;0,20165;0,17921999999999999;;;;;;;28160542;322463;87,329499999999996;1,0247999999999999;0,34999999999999998;;Côte d'Ivoire;107,17;81,280000000000001;21012;10,029999999999999;35,659999999999997;3,4399999999999999;3,0099999999999998;16,32;9,6999999999999993;1,9399999999999999;12749807;34,780000000000001;8,7300000000000004;137;51075;42947;0,32000000000000001;0,40000000000000002;13397744;50,549999999999997;0,98999999999999999;48,759999999999998;1,5900000000000001;34,549999999999997;54,310000000000002;9735200;2,7999999999999998;3,4300000000000002;-15520;49,450000000000003
Croatia;Europe;0,80000000000000004;0,69999999999999996;1;0,754;0,65000000000000002;0,52400000000000002;0,55700000000000005;0,59299999999999997;162;179;182;5,7590000000000003;1,0825400000000001;0,79623999999999995;0,78805000000000003;0,25883;5,4440000000000002E-2;2,4299999999999999E-2;3;-0,5;82;79,200000000000003;1,3999999999999999;76,400000000000006;4030358;56594;71,215299999999999;0,99270000000000003;5,0000000000000003E-2;31,800000000000001;Croatia;9,0600000000000005;54,659999999999997;112;5,0700000000000003;91,540000000000006;3,9500000000000002;7,1699999999999999;77,810000000000002;36,700000000000003;6,1600000000000001;1738221;96,150000000000006;12,699999999999999;8,3000000000000007;152317;75214;3,8100000000000001;7,29;2327032;48,609999999999999;5,5499999999999998;42,759999999999998;-1,24;8,9000000000000004;3,3999999999999999;1781597;8,5399999999999991;-4,0000000000000001E-2;-12480;51,390000000000001
Cuba;Americas;;;;0,17899999999999999;5,7000000000000002E-2;8,7999999999999995E-2;9,9000000000000005E-2;0,24199999999999999;746;408;418;;;;;;;;4;-0,20000000000000001;80,599999999999994;78,200000000000003;1,3999999999999999;75,799999999999997;11212191;109884;102,03660000000001;0,99609999999999999;0,14000000000000001;53,399999999999999;Cuba;52,619999999999997;45,460000000000001;773;7,4800000000000004;83,310000000000002;9,0500000000000007;1,2;41,310000000000002;18,699999999999999;1,2;2590505;90,659999999999997;9,8599999999999994;6,5;234023;174094;3,0899999999999999;4,1100000000000003;8726192;49,729999999999997;9,8699999999999992;22,890000000000001;-0,41999999999999998;9,75;9,2200000000000006;5347554;6,0099999999999998;-0,01;-13686;50,270000000000003
Cyprus;Asia;1,3;1,1000000000000001;1,3999999999999999;0,79200000000000004;0,64800000000000002;0,50700000000000001;0,64200000000000002;0,69199999999999995;54;27;30;5,6890000000000001;1,2081299999999999;0,89317999999999997;0,92356000000000005;0,40672000000000003;0,30637999999999999;6,1460000000000001E-2;2,1000000000000001;0,69999999999999996;83,700000000000003;81,900000000000006;1,3;80,099999999999994;1251488;9251;135,28139999999999;1,0059;0,02;14,300000000000001;Cyprus;6,96;42,600000000000001;35;5,3499999999999996;89,859999999999999;5,21;8,0099999999999998;76,810000000000002;35,5;6,2800000000000002;407912;99,400000000000006;6,7699999999999996;6,2000000000000002;22854;15830;2,5699999999999998;3,73;820924;50,100000000000001;3,8399999999999999;33,200000000000003;0,82999999999999996;10,789999999999999;4,79;649712;8,0500000000000007;0,81000000000000005;4948;49,899999999999999
Czechia;Europe;0,40000000000000002;0,5;0,40000000000000002;0,80500000000000005;0,71599999999999997;0,53200000000000003;0,63100000000000001;0,71599999999999997;535;370;400;6,5049999999999999;1,1789799999999999;1,2064299999999999;0,84482999999999997;0,46364;0,10686;2,6519999999999998E-2;2,3999999999999999;-0,10000000000000001;81,200000000000003;78,099999999999994;1,7;75,099999999999994;10493986;78865;133,06270000000001;0,99839999999999995;0,13;25,5;Czechia;9,8499999999999996;55,479999999999997;298;4,7800000000000002;89,400000000000006;4,54;2,3799999999999999;88,689999999999998;30,899999999999999;1,72;2783117;99,140000000000001;10,5;5;291310;146625;2,79;5,3799999999999999;7888753;49,25;6,4400000000000004;26,079999999999998;-0,10000000000000001;10,5;5,8300000000000001;5421467;13,289999999999999;0,56999999999999995;4030;50,75
Denmark;Europe;0,80000000000000004;0,5;1,1000000000000001;0,91500000000000004;0,88500000000000001;0,69399999999999995;0,874;0,878;469;242;312;7,5270000000000001;1,32548;1,3605799999999999;0,87463999999999997;0,64937999999999996;0,34139000000000003;0,48357;2,8999999999999999;0,5;83,799999999999997;81,900000000000006;1,7;80;5882261;43094;136,4984;1,0047999999999999;7,0000000000000007E-2;39,700000000000003;Denmark;2,1200000000000001;56,719999999999999;120;3,52;89,659999999999997;6,9100000000000001;5,2699999999999996;98,560000000000002;18,100000000000001;4,7999999999999998;698080;99,599999999999994;9,3000000000000007;5,2000000000000002;162777;106930;3,7000000000000002;5,5700000000000003;5116342;49,719999999999999;8,4700000000000006;12,01;-0,64000000000000001;10,5;6,8300000000000001;3032098;9,4000000000000004;0,48999999999999999;23305;50,280000000000001
Djibouti;Africa;;;;0,255;0,125;0,13900000000000001;0,14799999999999999;0,193;63;38;22;4,3689999999999998;0,44024999999999997;0,59206999999999999;0,36291000000000001;0,46073999999999998;0,18093000000000001;0,28105000000000002;36,5;1,3999999999999999;65,5;62,899999999999999;2,7999999999999998;60,299999999999997;1120849;23200;48,3125;1,0138;0,01;26,199999999999999;Djibouti;22,719999999999999;56,43;698;10,81;51,770000000000003;0;35,859999999999999;39,490000000000002;0;22,399999999999999;237192;66,640000000000001;8,4199999999999999;212;3389;2386;0,45000000000000001;0,63;836802;49,689999999999998;0,96999999999999997;22,079999999999998;0,94999999999999996;22,75;37,409999999999997;235094;0,40000000000000002;1,75;1322;50,310000000000002
Dominica;Americas;13,800000000000001;5,5;22,199999999999999;;;;;;8;4;2;;;;;;;;11,4;0,40000000000000002;76,5;73;1,6000000000000001;69,900000000000006;72737;751;96,853499999999997;1,0044999999999999;0;34,399999999999999;Dominica;39,329999999999998;41,920000000000002;15;0;0;5,5300000000000002;0;0;0;0;20867;0;8,3699999999999992;16;809;498;1,3999999999999999;2,2599999999999998;50561;49,939999999999998;3,3100000000000001;29,210000000000001;-0,17999999999999999;13,27;0;0;6,0999999999999996;1,28;326;50,060000000000002
Dominican Republic;Americas;10,5;2,6000000000000001;18,5;0,67900000000000005;0,46500000000000002;0,46000000000000002;0,60499999999999998;0,379;1,3069999999999999;351;579;4,8849999999999998;0,89537;1,1720200000000001;0,66825000000000001;0,57672000000000001;0,21684;0,14233999999999999;24,399999999999999;0,90000000000000002;77,5;74,200000000000003;2,2000000000000002;71;11228821;48671;230,70869999999999;1,01;0,14000000000000001;27,899999999999999;Dominican Republic;78,459999999999994;53,039999999999999;2784;15,49;71,930000000000007;4,04;9,4100000000000001;44,439999999999998;10,9;4,0099999999999998;1977456;87,200000000000003;6,0099999999999998;42;93301;64875;1,1899999999999999;1,72;8904426;50,289999999999999;2,5899999999999999;18,170000000000002;-2,9900000000000002;19,289999999999999;12,58;5091385;6,7599999999999998;2;-29830;49,710000000000001
Ecuador;Americas;14;2,5;25,5;0,61299999999999999;0,44900000000000001;0,42499999999999999;0,46100000000000002;0,38;1,998;1,0429999999999999;889;5,9749999999999996;0,86402000000000001;0,99902999999999997;0,79074999999999995;0,48574000000000001;0,11541;0,18090000000000001;10,699999999999999;1,1000000000000001;80,5;77,900000000000006;2;75,299999999999997;18001000;276841;65,022900000000007;1,0114000000000001;0,23000000000000001;38,700000000000003;Ecuador;67,769999999999996;52,289999999999999;2705;11,460000000000001;76,200000000000003;4,2300000000000004;4,5899999999999999;41,899999999999999;11,6;3,2599999999999998;6246175;90;4,9100000000000001;46;149859;102263;1,1799999999999999;1,73;11097565;50,009999999999998;4,8300000000000001;36,009999999999998;1,45;17,34;12,34;8387366;3,2599999999999998;2,1699999999999999;71801;49,990000000000002
Egypt;Africa;;0,5;;0,17799999999999999;0,11799999999999999;7,3999999999999996E-2;0,105;8,5000000000000006E-2;;;;4,194;0,88180000000000003;0,747;0,61712;0,17288000000000001;0,11291;6,3240000000000005E-2;16;1,5;72,599999999999994;70,200000000000003;2,8999999999999999;67,900000000000006;110990103;1002450;110,7188;1,0158;1,3899999999999999;27,699999999999999;Egypt;46,43;61,219999999999999;24105;4,7599999999999998;85,609999999999999;0;21,350000000000001;66,280000000000001;24,399999999999999;4,7599999999999998;60487813;97,200000000000003;5,5800000000000001;12;429933;217889;0,40999999999999998;0,81999999999999995;45130858;50,590000000000003;1,3600000000000001;57,270000000000003;1,75;23,57;9,6300000000000008;29708924;0,14999999999999999;1,8500000000000001;-59715;49,409999999999997
El Salvador;Americas;18,199999999999999;4;33,5;0,443;0,187;0,26100000000000001;0,20499999999999999;0,216;741;366;234;6,1299999999999999;0,76454;1,0250699999999999;0,67737000000000003;0,40350000000000003;0,10692;0,11776;9,9000000000000004;0,40000000000000002;75,799999999999997;71,5;1,8;66,799999999999997;6336392;21041;301,14499999999998;1,0035000000000001;8,0000000000000002E-2;27,399999999999999;El Salvador;57,810000000000002;52,539999999999999;966;19,09;65,109999999999999;3,3900000000000001;4,3799999999999999;0;8,3000000000000007;4,0199999999999996;1711610;86,819999999999993;7,4500000000000002;60;67251;42967;1,4399999999999999;2,0499999999999998;4568607;47,649999999999999;4,71;27,25;-2,5600000000000001;16,420000000000002;15,800000000000001;2762085;3,2799999999999998;1,0600000000000001;-55143;52,350000000000001
Equatorial Guinea;Africa;;;;0,17199999999999999;5,2999999999999999E-2;4,9000000000000002E-2;4,2999999999999997E-2;0,115;93;27;;;;;;;;;53,799999999999997;2,3999999999999999;63,299999999999997;61,200000000000003;4,2000000000000002;59,399999999999999;1674908;28051;59,709400000000002;1,0246999999999999;0,02;22;Equatorial Guinea;148,87;72,510000000000005;753;7,71;32,780000000000001;0;9,1799999999999997;0;0;7,6299999999999999;425111;0;8,5800000000000001;286;4000;2823;0,34000000000000002;0,55000000000000004;1127920;52,920000000000002;0,64000000000000001;27,370000000000001;1,5800000000000001;31,870000000000001;59,509999999999998;528292;6,9400000000000004;4;14695;47,079999999999998
Eritrea;Africa;;;;7,1999999999999995E-2;0,01;1,0999999999999999E-2;0,031;0,11600000000000001;362;147;99;;;;;;;;28,600000000000001;1,7;68,700000000000003;66,599999999999994;3,7999999999999998;64,5;3684032;117600;31,326799999999999;1,0176000000000001;5,0000000000000003E-2;;Eritrea;65,920000000000002;81,819999999999993;1714;11,880000000000001;49,479999999999997;0;6,3799999999999999;0;7,7000000000000002;5,1100000000000003;2074379;0;6,3099999999999996;86;11212;7441;0,42999999999999999;0,63;1424439;49,299999999999997;0,79000000000000004;59,289999999999999;0,47999999999999998;28,940000000000001;38,640000000000001;1609065;1,23;3,1000000000000001;-29849;50,700000000000003
Estonia;Europe;2;0,59999999999999998;3,5;0,89600000000000002;0,84499999999999997;0,625;0,77800000000000002;0,80000000000000004;80;37;41;5,4290000000000003;1,15174;1,2279100000000001;0,77361000000000002;0,44888;8,6800000000000002E-2;0,15184;1,8;-0,20000000000000001;83;79,200000000000003;1,7;75;1326062;45227;29,3201;0,998;0,02;25,699999999999999;Estonia;8,6899999999999995;57,079999999999998;30;4,2199999999999998;92,189999999999998;5,2999999999999998;4,9199999999999999;90,409999999999997;30,5;4,1200000000000001;410662;99,079999999999998;11,6;13;56576;19566;3,1200000000000001;8,0899999999999999;916236;47,289999999999999;5,0800000000000001;30,949999999999999;-0,17999999999999999;10,6;3,5800000000000001;700314;11,26;0,62;5410;52,710000000000001
Eswatini;Africa;12,699999999999999;;;0,12;9,6000000000000002E-2;0,111;5,1999999999999998E-2;6,8000000000000005E-2;241;68;32;4,867;0,71206000000000003;1,07284;7,5660000000000005E-2;0,30658000000000002;0,18259;3,0599999999999999E-2;39,200000000000003;0,69999999999999996;60,600000000000001;56,399999999999999;2,7999999999999998;52,600000000000001;1201670;17364;69,204700000000003;1,0079;0,02;12,199999999999999;Eswatini;71,810000000000002;65,920000000000002;434;12,06;45,859999999999999;5,7000000000000002;24,550000000000001;0;9,3000000000000007;21,210000000000001;889128;64,519999999999996;8,9199999999999999;363;3274;2108;0,35999999999999999;0,56000000000000005;280485;49,57;3,4199999999999999;76,019999999999996;0,55000000000000004;25,120000000000001;42,079999999999998;381377;8,0899999999999999;1,55;-9796;50,43
Ethiopia;Africa;;;;0,28899999999999998;0,14399999999999999;0,157;0,24099999999999999;0,22800000000000001;16,198;4,2329999999999997;796;4,5119999999999996;0,19073000000000001;0,60406000000000004;0,44055;0,4345;0,24324999999999999;0,15048;31,899999999999999;2,5;68,900000000000006;65,599999999999994;4,0999999999999996;62,600000000000001;123379924;1104300;111,7268;1,0257000000000001;1,55;41,5;Ethiopia;71,689999999999998;77,900000000000006;83493;12,09;43,259999999999998;4,4800000000000004;4,29;6,6900000000000004;5,2000000000000002;2,29;89898498;8,6500000000000004;6,4400000000000004;140;246985;183115;0,32000000000000001;0,44;24222096;50,280000000000001;0,72999999999999998;78,780000000000001;2,0699999999999998;33,119999999999997;44,649999999999999;54535675;3,3599999999999999;4,8600000000000003;-10803;49,719999999999999
Fiji;Oceania;;;;0,40100000000000002;0,27000000000000002;0,20399999999999999;0,30299999999999999;0,28699999999999998;109;63;37;;;;;;;;17,899999999999999;0,69999999999999996;70,200000000000003;68,299999999999997;2,5;66,5;929766;18272;50,884700000000002;1,0056;0,01;19,600000000000001;Fiji;27,210000000000001;53,340000000000003;168;5,9400000000000004;84,709999999999994;5,1200000000000001;5,6299999999999999;49,270000000000003;23,399999999999999;3,8399999999999999;397236;93,709999999999994;7,9400000000000004;66;3697;2045;0,44;0,81000000000000005;521229;50,229999999999997;2,5;43,25;-1,21;19,960000000000001;9,3499999999999996;372229;3,4500000000000002;0,82999999999999996;-11865;49,770000000000003
Finland;Europe;;;;0,86699999999999999;0,82799999999999996;0,61399999999999999;0,80000000000000004;0,78500000000000003;355;178;362;7,4059999999999997;1,2902499999999999;1,31826;0,88910999999999996;0,64168999999999998;0,23351;0,41371999999999998;1,6000000000000001;0,10000000000000001;84,900000000000006;82,400000000000006;1,3999999999999999;79,799999999999997;5540745;338424;16,372199999999999;1,0008999999999999;7,0000000000000007E-2;45,5;Finland;4,0899999999999999;61,130000000000003;91;5,6399999999999997;92,930000000000007;6,4199999999999999;6,1600000000000001;89,530000000000001;22,199999999999999;7,1699999999999999;803615;99,450000000000003;9,8000000000000007;4,7000000000000002;197134;110380;4,0499999999999998;7,0499999999999998;4717991;49,369999999999997;7,3499999999999996;14,550000000000001;-0,33000000000000002;8,3000000000000007;1,4199999999999999;2758855;9,1600000000000001;0,19;15558;50,630000000000003
France;Europe;1,1000000000000001;0,69999999999999996;1,6000000000000001;0,872;0,79100000000000004;0,61399999999999999;0,80500000000000005;0,76400000000000001;4,2560000000000002;3,3759999999999999;2,6070000000000002;6,5750000000000002;1,2777799999999999;1,2603800000000001;0,94579000000000002;0,55010999999999999;0,12332;0,20646;3,2999999999999998;0,20000000000000001;86;83,200000000000003;1,8;80,400000000000006;64626628;551695;117,14190000000001;1,0015000000000001;0,81000000000000005;39,5;France;9,6600000000000001;62,280000000000001;2100;6,3600000000000003;87,280000000000001;5,3499999999999996;8,3499999999999996;89,450000000000003;33,600000000000001;8,4700000000000006;12999819;98,650000000000006;9,0999999999999996;9,0999999999999996;2726665;1521276;4,6699999999999999;7,8300000000000001;54388182;48,359999999999999;8,3399999999999999;19,289999999999999;-1,02;11,199999999999999;6,3700000000000001;30652293;11,300000000000001;0,67000000000000004;17403;51,640000000000001
Gabon;Africa;;;;0,376;0,20599999999999999;0,26000000000000001;0,29099999999999998;0,29599999999999999;;;;3,8959999999999999;1,0602400000000001;0,90527999999999997;0,43371999999999999;0,31913999999999998;6,8220000000000003E-2;0,11090999999999999;29,5;2;68,400000000000006;65,700000000000003;3,5;63,399999999999999;2388992;267668;8,9252000000000002;1,0204;2,9999999999999999E-2;15,4;Gabon;94,799999999999997;68,060000000000002;934;8,7200000000000006;45,009999999999998;2,8700000000000001;28,27;0;0;15,76;230087;49,780000000000001;6,8600000000000003;521;7846;6628;0,57999999999999996;0,70999999999999996;2012698;51,020000000000003;1,6699999999999999;10,26;-1,26;28,350000000000001;46,270000000000003;691827;7,3300000000000001;2,7000000000000002;2230;48,979999999999997
Gambia;Africa;;;;0,50600000000000001;0,41899999999999998;0,32700000000000001;0,38200000000000001;0,35199999999999998;294;90;;;;;;;;;28;2,3999999999999999;64,299999999999997;62,899999999999999;4,5999999999999996;61,5;2705992;10689;253,1567;1,0249999999999999;2,9999999999999999E-2;10,300000000000001;Gambia;65,840000000000003;87,890000000000001;1901;10,73;37,100000000000001;2,6499999999999999;3,2200000000000002;29,890000000000001;11,6;5,0300000000000002;955107;47,200000000000003;7;158;5318;4112;0,33000000000000002;0,41999999999999998;1553776;49,719999999999999;1,3;38,07;0,85999999999999999;34,280000000000001;52,170000000000002;850208;1,1100000000000001;3,6600000000000001;-4186;50,280000000000001
Georgia;Asia;;;;0,64700000000000002;0,497;0,41299999999999998;0,52700000000000002;0,50900000000000001;289;139;138;4,2969999999999997;0,7419;0,38562000000000002;0,72926000000000002;0,40577000000000002;5,5469999999999998E-2;0,38330999999999998;8,1999999999999993;-0,5;76,5;71,599999999999994;2,1000000000000001;66,799999999999997;3744385;69700;53,721400000000003;0,99639999999999995;5,0000000000000003E-2;19,100000000000001;Georgia;30,969999999999999;54,100000000000001;293;3,8999999999999999;93,349999999999994;3,8700000000000001;10,17;26;31,699999999999999;12,81;1523815;86,530000000000001;12,880000000000001;74;94569;36430;2,0800000000000001;4,7999999999999998;2196346;47,07;2,7200000000000002;40,960000000000001;-1,1599999999999999;13,449999999999999;2,75;1856196;14,33;0,52000000000000002;-5414;52,93
Germany;Europe;0,80000000000000004;0,80000000000000004;0,90000000000000002;0,872;0,82299999999999995;0,629;0,83299999999999996;0,80900000000000005;2,879;4,5430000000000001;2,5699999999999998;6,75;1,32792;1,2993699999999999;0,89185999999999999;0,61477000000000004;0,28214;0,21843000000000001;3;-0,10000000000000001;83,5;81;1,5;78,5;83369843;357114;233,45439999999999;0,99950000000000006;1,05;34,899999999999999;Germany;7,5199999999999996;54,729999999999997;2157;4,6399999999999997;90,599999999999994;5,1200000000000001;2,73;96,870000000000005;22,5;3,5;18798952;99,230000000000004;11,300000000000001;6,0999999999999996;3488701;2119130;5,1699999999999999;8,2899999999999991;64294010;49,340000000000003;9,0299999999999994;22,620000000000001;-5,9999999999999998E-2;9,4000000000000004;4,7599999999999998;44433744;12,220000000000001;0,31;360560;50,659999999999997
Ghana;Africa;1,8;0,59999999999999998;3,1000000000000001;0,65300000000000002;0,56000000000000005;0,32800000000000001;0,51500000000000001;0,48399999999999999;4,3419999999999996;1,591;848;4,633;0,54557999999999995;0,67954000000000003;0,40132000000000001;0,42342000000000002;0,23086999999999999;4,3549999999999998E-2;31,600000000000001;1,8999999999999999;66,099999999999994;63,899999999999999;3,5;61,799999999999997;33475870;238533;140,34059999999999;1,0196000000000001;0,41999999999999998;14,6;Ghana;66,579999999999998;70,120000000000005;20431;9,3800000000000008;45,390000000000001;3,1499999999999999;3,5899999999999999;14,09;3,6000000000000001;3,3399999999999999;13646945;25;7,1399999999999997;144;87516;61479;0,39000000000000001;0,55000000000000004;17875345;49,880000000000003;1,3799999999999999;43,289999999999999;0,60999999999999999;28,57;45,240000000000002;13516316;4,5499999999999998;3,2400000000000002;-21860;50,119999999999997
Greece;Europe;0,90000000000000002;0,59999999999999998;1,1000000000000001;0,78600000000000003;0,65500000000000003;0,54200000000000004;0,69099999999999995;0,66600000000000004;644;321;342;4,8570000000000002;1,1540600000000001;0,92932999999999999;0,88212999999999997;7,6990000000000003E-2;0;0,01397;3,3999999999999999;-0,5;83,299999999999997;80,599999999999994;1,3999999999999999;78;10384971;131990;78,680000000000007;0,99419999999999997;0,13;21;Greece;8,3100000000000005;56,619999999999997;270;3,9100000000000001;83,239999999999995;3,5899999999999999;21,48;90,609999999999999;34,5;13,960000000000001;2209932;98,989999999999995;11,699999999999999;4,7000000000000002;398880;323264;6,1500000000000004;7,2999999999999998;8511650;49,009999999999998;4;20,609999999999999;-1,6899999999999999;7,7999999999999998;12,85;4735273;7,1200000000000001;0,31;-21581;50,990000000000002
Grenada;Americas;4;1,6000000000000001;6,4000000000000004;;;;;;13;5;4;;;;;;;;12,300000000000001;0,59999999999999998;78,299999999999997;75,299999999999997;2;72,599999999999994;125438;344;364,64530000000002;1,0065999999999999;0;46,700000000000003;Grenada;34,100000000000001;50,810000000000002;19;5,8600000000000003;82,799999999999997;0;0;0;0;0;78057;0;8,0099999999999998;3,1000000000000001;1951;1144;1,8600000000000001;3,1899999999999999;44667;50,100000000000001;2,04;63,600000000000001;0,53000000000000003;16,620000000000001;11,34;0;8,0600000000000005;1,0700000000000001;-190;49,899999999999999
Guatemala;Americas;20;6,0999999999999996;34,100000000000001;0,48999999999999999;0,313;0,30099999999999999;0,26400000000000001;0,19900000000000001;2,3820000000000001;819;401;6,1230000000000002;0,74553000000000003;1,04356;0,64424999999999999;0,57733000000000001;0,27489000000000002;9,4719999999999999E-2;19,800000000000001;1,3999999999999999;71,799999999999997;68,700000000000003;2,3999999999999999;65,700000000000003;17843908;108889;163,8725;1,0134000000000001;0,22;19,399999999999999;Guatemala;71,730000000000004;63,369999999999997;5481;16,120000000000001;61,57;3,1899999999999999;2,9399999999999999;0;11;1,8400000000000001;8063081;68,239999999999995;4,8899999999999997;26;95131;72169;0,88;1,1399999999999999;8540945;49,530000000000001;2,3799999999999999;48,560000000000002;0,77000000000000002;22,859999999999999;22,309999999999999;6481136;1,6299999999999999;2,3100000000000001;-58095;50,469999999999999
Guinea;Africa;;;;0,27100000000000002;0,10299999999999999;0,19800000000000001;0,108;0,158;1,649;448;219;3,6560000000000001;0,17416999999999999;0,46475;0,24009;0,37724999999999997;0,28656999999999999;0,12139;63,899999999999999;2,3999999999999999;60,200000000000003;59;4,2999999999999998;57,600000000000001;13859341;245857;56,371600000000001;1,0242;0,17000000000000001;29,600000000000001;Guinea;120,26000000000001;84,459999999999994;11035;8,7699999999999996;33,270000000000003;1,8600000000000001;5,0700000000000003;0;0;4,9900000000000002;8177237;27,609999999999999;9,7100000000000009;176;38151;25617;0,40000000000000002;0,57999999999999996;4700302;49,310000000000002;0,92000000000000004;63,5;1,97;35,439999999999998;57,960000000000001;3923389;0,46999999999999997;3,5299999999999998;-3243;50,689999999999998
Guinea-Bissau;Africa;;;;0,53000000000000003;0,32900000000000001;0,23599999999999999;0,26300000000000001;0,31;;;;;;;;;;;50,100000000000001;2,1000000000000001;61,899999999999999;59,899999999999999;3,8999999999999999;57,700000000000003;2105566;36125;58,285600000000002;1,0218;2,9999999999999999E-2;13,699999999999999;Guinea-Bissau;91,379999999999995;79,099999999999994;2112;9,2100000000000009;33,170000000000002;0;2,71;13,81;9,3000000000000007;3,5600000000000001;1107850;24,98;8,2100000000000009;361;3802;2860;0,28999999999999998;0,38;862607;49,32;0,53000000000000003;56,219999999999999;1,6000000000000001;32,090000000000003;57,619999999999997;646165;4,1399999999999997;3,29;-1395;50,68
Guyana;Americas;16,300000000000001;2,2000000000000002;31;0,54500000000000004;0,37;0,32900000000000001;0,26500000000000001;0,39200000000000002;;;;;;;;;;;23,600000000000001;0,5;69,400000000000006;66;2,3999999999999999;62,799999999999997;808726;214969;3,7621000000000002;1,0052000000000001;0,01;35,700000000000003;Guyana;69;52,969999999999999;238;12,94;69,650000000000006;0;15,09;45,840000000000003;12,6;12,460000000000001;585574;89,150000000000006;7,4400000000000004;78;4881;3041;0,77000000000000002;1,2;213179;49,18;2,9300000000000002;73,310000000000002;1,5600000000000001;20,829999999999998;17,41;284892;5,3499999999999996;1,98;-24678;50,82
Haiti;Americas;13;1,8999999999999999;24,300000000000001;0,36599999999999999;0,214;0,20499999999999999;0,26900000000000002;0,10100000000000001;;;;4,5179999999999998;0,26673000000000002;0,74302000000000001;0,38846999999999998;0,24424999999999999;0,46187;0,17175000000000001;43,399999999999999;1,2;66,700000000000003;63,700000000000003;2,7999999999999998;60,899999999999999;11584996;27750;417,47730000000001;1,012;0,14999999999999999;;Haiti;54,240000000000002;59,479999999999997;4993;10,630000000000001;64,719999999999999;1,76;16,539999999999999;0;7,9000000000000004;11,24;4889165;36,939999999999998;7,9500000000000002;170;37021;22316;0,40000000000000002;0,66000000000000003;6271273;49,600000000000001;0,40999999999999998;43,810000000000002;-0,72999999999999998;24,300000000000001;24,66;4930691;3,4500000000000002;2,98;-34635;50,399999999999999
Honduras;Americas;38,299999999999997;6,5;69,5;0,40300000000000002;0,252;0,26300000000000001;0,27900000000000003;0,16;1,1539999999999999;399;239;4,7880000000000003;0,59531999999999996;0,95347999999999999;0,69510000000000005;0,40148;0,23027;6,8250000000000005E-2;12,800000000000001;1,5;73,200000000000003;70,700000000000003;2,2999999999999998;68,5;10432860;112492;92,743099999999998;1,0149999999999999;0,13;27,300000000000001;Honduras;73,799999999999997;55,32;1849;17,890000000000001;71,430000000000007;5,9299999999999997;7,7800000000000002;51,780000000000001;0;4,2800000000000002;4209597;81,950000000000003;4,3200000000000003;31;32977;20241;0,40000000000000002;0,67000000000000004;5749232;50,530000000000001;2,8700000000000001;42,270000000000003;0,19;21,629999999999999;10,68;4399023;3,1699999999999999;2,7799999999999998;-6550;49,469999999999999
Hungary;Europe;0,80000000000000004;0,5;1,1000000000000001;0,45500000000000002;0,34999999999999998;0,30499999999999999;0,222;0,32800000000000001;396;385;441;4,7999999999999998;1,12094;1,2021500000000001;0,75905;0,32112000000000002;0,128;0,02758;3,2999999999999998;5,5999999999999996;78,299999999999997;75;1,6000000000000001;71,599999999999994;9967308;93028;107,1431;1,0265;0,12;13,1;Hungary;21,989999999999998;51,890000000000001;335;4,1399999999999997;93,890000000000001;4,2199999999999998;3,5;87,75;32,200000000000003;3,3599999999999999;2770705;97,989999999999995;13,300000000000001;6,2000000000000002;307451;128831;2,75;6,04;7000436;47,880000000000003;4,2999999999999998;28,359999999999999;-1,0700000000000001;9,5;1,98;4748584;10,6;0,35999999999999999;33559;52,119999999999997
Iceland;Europe;0,5;0,59999999999999998;0,5;0,83199999999999996;0,74299999999999999;0,61199999999999999;0,72599999999999998;0,73799999999999999;30;13;24;7,5609999999999999;1,3023199999999999;1,4022300000000001;0,94784000000000002;0,62877000000000005;0,43630000000000002;0,14144999999999999;1,3999999999999999;0,69999999999999996;84,299999999999997;82,799999999999997;1,7;81,400000000000006;372899;103000;3,6204000000000001;1,0068999999999999;0;47,600000000000001;Iceland;5,54;49,619999999999997;8;5,5599999999999996;89,469999999999999;7,6100000000000003;3,1099999999999999;0;12,6;3,8399999999999999;22157;98,780000000000001;6,2999999999999998;4,0999999999999996;7208;5316;2,8799999999999999;4,0999999999999996;338406;51,280000000000001;7,0599999999999996;6,1399999999999997;1,52;12,300000000000001;4,9699999999999998;220983;8,0700000000000003;2,2400000000000002;5152;48,719999999999999
India;Asia;2,8999999999999999;2,5;3,2999999999999998;0,41999999999999998;0,33200000000000002;0,26500000000000001;0,29799999999999999;0,25800000000000001;127,828;66,459999999999994;63,082999999999998;4,5650000000000004;0,64498999999999995;0,38174000000000002;0,51529000000000003;0,39785999999999999;0,26474999999999999;8,4919999999999995E-2;26,300000000000001;0,69999999999999996;69,400000000000006;67,700000000000003;2;66,299999999999997;1417173173;3287590;431,0675;1,0067999999999999;17,77;14,9;India;17,699999999999999;49,399999999999999;315189;9,9000000000000004;65,930000000000007;0;6,0700000000000003;45,770000000000003;28,100000000000001;6,6399999999999997;906325664;69,659999999999997;6,71;202;8128173;6167838;0,85999999999999999;1,22;476786386;51,649999999999999;0,98999999999999999;65,530000000000001;0,34999999999999998;17,050000000000001;24,170000000000002;501044031;4,9199999999999999;2,3199999999999998;-593495;48,350000000000001
Indonesia;Asia;;;;0,56799999999999995;0,41299999999999998;0,372;0,5;0,30599999999999999;29,699999999999999;13,4;10,356;5,399;0,82826999999999995;1,08708;0,63793;0,46611000000000002;0,51534999999999997;0;17,699999999999999;0,59999999999999998;70,400000000000006;68,299999999999997;2,2000000000000002;66,200000000000003;275501339;1904569;144,65289999999999;1,0064;3,4500000000000002;21,899999999999999;Indonesia;34,869999999999997;48,270000000000003;43431;4,75;76,329999999999998;2,8399999999999999;3,3500000000000001;0;37,200000000000003;3,75;118656904;82,069999999999993;7,54;312;1704244;1015912;0,75;1,27;150925974;50,369999999999997;1,4199999999999999;44,020000000000003;-0,55000000000000004;16,91;18,93;136201932;0,11;2,1200000000000001;-40567;49,630000000000003
Iran;Asia;;;;0,18099999999999999;0,11600000000000001;5,0999999999999997E-2;0,13400000000000001;0,16600000000000001;7,6699999999999999;;;4,6859999999999999;1,0087999999999999;0,54447000000000001;0,69804999999999995;0,30032999999999999;0,38085999999999998;5,8630000000000002E-2;10,300000000000001;0,69999999999999996;77,5;74,599999999999994;1,7;71,900000000000006;88550570;1648195;53,7258;1,0071000000000001;1,1100000000000001;5,5999999999999996;Iran;33,329999999999998;44,740000000000002;9900;10,6;81,310000000000002;3,2599999999999998;17,579999999999998;0;14;9,1199999999999992;21302584;90,019999999999996;4,8700000000000001;13;554637;335927;0,77000000000000002;1,3;65261618;50,590000000000003;2,9399999999999999;24,609999999999999;-0,88;15,119999999999999;8,0899999999999999;28702961;0,69999999999999996;1,76;-34571;49,409999999999997
Iraq;Asia;;;;0,36499999999999999;0,218;0,20200000000000001;0,26400000000000001;0,188;;;;4,6769999999999996;0,98548999999999998;0,81889000000000001;0,60236999999999996;0;0,17921999999999999;0,13788;17,600000000000001;2,2000000000000002;73,400000000000006;71,299999999999997;3,3999999999999999;69,200000000000003;44496122;438317;101,5158;1,0221;0,56000000000000005;28,899999999999999;Iraq;65,120000000000005;73,090000000000003;14333;17,809999999999999;66,890000000000001;0;26,710000000000001;49,609999999999999;18,800000000000001;13,24;12187255;97,859999999999999;4,2999999999999998;28;113764;59794;0,28999999999999998;0,55000000000000004;29376265;50,020000000000003;2,1000000000000001;29,32;1,6699999999999999;28,079999999999998;15,300000000000001;10698395;0,23999999999999999;2,6600000000000001;-29880;49,979999999999997
Ireland;Europe;0,40000000000000002;0,29999999999999999;0,59999999999999998;0,89500000000000002;0,83199999999999996;0,63800000000000001;0,81399999999999995;0,79700000000000004;545;190;165;6,9400000000000004;1,33596;1,36948;0,89532999999999996;0,61777000000000004;0,45900999999999997;0,28703000000000001;2,5;0,69999999999999996;84,400000000000006;82,700000000000003;1,8;81;5023109;70273;71,479900000000001;1,0073000000000001;5,9999999999999998E-2;23,100000000000001;Ireland;5,7999999999999998;53,140000000000001;159;3,9100000000000001;90,409999999999997;0;4,6900000000000004;79,400000000000006;21,399999999999999;5,1699999999999999;1805722;89,310000000000002;6,2999999999999998;5,7999999999999998;97575;67206;2,75;3,9199999999999999;3128618;49,530000000000001;4,9800000000000004;36,600000000000001;0,72999999999999998;12;5,6799999999999997;2446760;11,699999999999999;1,74;29113;50,469999999999999
Israel;Asia;1,8999999999999999;0,59999999999999998;3,2999999999999998;0,73499999999999999;0,65100000000000002;0,48599999999999999;0,58699999999999997;0,60099999999999998;884;407;378;7,2779999999999996;1,2285699999999999;1,22393;0,91386999999999996;0,41319;0,33172000000000001;7,7850000000000003E-2;2,8999999999999999;1,5;84,5;82,599999999999994;2,8999999999999999;80,599999999999994;9038309;20770;435,1617;1,0155000000000001;0,11;30;Israel;8,1199999999999992;66,459999999999994;502;4,2400000000000002;85,450000000000003;6,0599999999999996;3,9300000000000002;93,989999999999995;21,600000000000001;3,6899999999999999;678959;99,939999999999998;5,0999999999999996;2,8999999999999999;163851;109328;2,4199999999999999;3,6099999999999999;8375041;49,810000000000002;4,8300000000000001;7,5;0,81000000000000005;20,100000000000001;10,32;4125006;3,0099999999999998;2;16132;50,189999999999998
Italy;Europe;0,5;0,40000000000000002;0,59999999999999998;0,84899999999999998;0,76800000000000002;0,67300000000000004;0,77400000000000002;0,78100000000000003;2,8559999999999999;1,7729999999999999;2,8330000000000002;5,9480000000000004;1,2511399999999999;1,19777;0,95445999999999998;0,26235999999999998;0,22822999999999999;2,9010000000000001E-2;2,1000000000000001;-0,29999999999999999;86;84,099999999999994;1,3;82;59037474;301336;195,91909999999999;0,99660000000000004;0,73999999999999999;36,299999999999997;Italy;3,8799999999999999;56,549999999999997;975;3,8599999999999999;90,640000000000001;4,0999999999999996;11,1;79,019999999999996;23,300000000000001;9,0899999999999999;17479118;99,890000000000001;10,6;6,0999999999999996;2734162;1622772;5,5800000000000001;8,9199999999999999;42249963;48,700000000000003;6,3799999999999999;29,260000000000002;-2,1699999999999999;7;5,5;25907430;7,9699999999999998;-0,72999999999999998;21615;51,299999999999997
Jamaica;Americas;52,100000000000001;9,3000000000000007;95,599999999999994;0,80000000000000004;0,69299999999999995;0,52500000000000002;0,63900000000000001;0,66400000000000003;259;131;84;5,7089999999999996;0,81037999999999999;1,1510199999999999;0,68740999999999997;0,50441999999999998;0,21229999999999999;0,02299;11,300000000000001;-0,10000000000000001;72,700000000000003;70,599999999999994;1,3;68,5;2827377;10991;257,24470000000002;0,99990000000000001;4,0000000000000001E-2;28,600000000000001;Jamaica;33,950000000000003;39,310000000000002;512;11,73;79,299999999999997;5,1600000000000001;6,3799999999999999;0;9,6999999999999993;3,8399999999999999;1238482;86,629999999999995;7,4800000000000004;3,2000000000000002;16936;12164;0,87;1,2;1575291;49,640000000000001;3,98;44,020000000000003;-0,64000000000000001;11,99;8,9700000000000006;1487233;3,6000000000000001;0,63;-11329;50,359999999999999
Japan;Asia;0,20000000000000001;0,20000000000000001;0,20000000000000001;0,83799999999999997;0,73899999999999999;0,53700000000000003;0,753;0,76200000000000001;6,6379999999999999;3,5510000000000002;3,6699999999999999;5,9870000000000001;1,27074;1,25712;0,99111000000000005;0,49614999999999998;0,10705000000000001;0,18060000000000001;1,7;-0,5;87,799999999999997;84,799999999999997;1,3;81,799999999999997;123951692;377930;327,9753;0,99470000000000003;1,55;9,6999999999999993;Japan;2,8100000000000001;70,510000000000005;1308;4,9100000000000001;84,790000000000006;3,1600000000000001;2,1699999999999999;98,980000000000004;20,5;2,5;10513072;99,950000000000003;11,199999999999999;13;7732333;4402272;7,1500000000000004;11,880000000000001;116119928;48,619999999999997;9,0399999999999991;8,3000000000000007;-1,1200000000000001;7;10,300000000000001;69045531;6,6799999999999997;-5,0000000000000003E-2;183953;51,380000000000003
Jordan;Asia;1;0,59999999999999998;1,3999999999999999;0,25900000000000001;0,255;0,11899999999999999;0,20899999999999999;0,20899999999999999;;;;5,1920000000000002;0,90198;1,05392;0,69638999999999995;0,40661000000000003;0,11053;0,14293;12,4;0,5;76,700000000000003;74,200000000000003;2,7999999999999998;72,099999999999994;11285869;89342;126,32210000000001;1,0123;0,14000000000000001;12,300000000000001;Jordan;26,579999999999998;58,710000000000001;2250;10,380000000000001;79,609999999999999;2,9900000000000002;24,010000000000002;82,060000000000002;34,600000000000001;15,369999999999999;941163;97,219999999999999;3,1499999999999999;5,5;32318;22544;0,40999999999999998;0,63;9757520;51,93;3,8700000000000001;8,8000000000000007;-0,26000000000000001;22,600000000000001;10,01;2791809;0,31;2,5;28963;48,07
Kazakhstan;Asia;;;;0,25700000000000001;0,127;0,094;0,13300000000000001;0,20499999999999999;1,196;1,2090000000000001;470;5,8550000000000004;1,1225400000000001;1,1224099999999999;0,64368000000000003;0,51649;0,11827;8,4540000000000004E-2;8,5;1,1000000000000001;73;69,5;3;65,799999999999997;19397998;2724900;7,1188000000000002;1,0105;0,23999999999999999;27,399999999999999;Kazakhstan;22,059999999999999;57,649999999999999;2459;8,1999999999999993;86,680000000000007;2,8599999999999999;5,2800000000000002;0;23,5;4,3099999999999996;7860906;97,870000000000005;7,1900000000000004;68;172173;67758;0,76000000000000001;1,79;10652767;48,020000000000003;1,6699999999999999;42,460000000000001;1,03;21,73;5,1200000000000001;9226063;4,5199999999999996;1,48;-37080;51,979999999999997
Kenya;Africa;5,2999999999999998;2,6000000000000001;8;0,48299999999999998;0,40300000000000002;0,32500000000000001;0,41999999999999998;0,316;8,1690000000000005;2,1680000000000001;;4,4189999999999996;0,36470999999999998;0,99875999999999998;0,41435;0,42215000000000003;0,37541999999999998;5,8389999999999997E-2;28;2;64,700000000000003;62,100000000000001;3,2999999999999998;59,600000000000001;54027487;580367;93,091899999999995;1,0193000000000001;0,68000000000000005;21,399999999999999;Kenya;69,579999999999998;73,290000000000006;28930;10,85;40,859999999999999;4,5800000000000001;5,25;30,559999999999999;11,5;4,7699999999999996;36936235;35,299999999999997;7,29;267;180333;91972;0,35999999999999999;0,69999999999999996;14015215;49,600000000000001;2,0099999999999998;72,489999999999995;1,3200000000000001;28,460000000000001;48,289999999999999;22775099;2,8700000000000001;3,73;-61946;50,399999999999999
Kiribati;Oceania;;;;;;;;;16;7;;;;;;;;;37,399999999999999;1,8;69,400000000000006;67,700000000000003;3,2999999999999998;65,700000000000003;131232;811;161,815;1,0183;0;6,7000000000000002;Kiribati;43,119999999999997;65,950000000000003;51;5,5700000000000003;72,810000000000002;13,57;0;24,170000000000002;41,700000000000003;0;56113;44;6,25;436;287;110;0,17999999999999999;0,45000000000000001;68128;48,609999999999999;9,3699999999999992;45,159999999999997;-0,10000000000000001;28,059999999999999;21,620000000000001;0;0,76000000000000001;3,04;-691;51,390000000000001
Republic of Korea;Asia;;;;0,86299999999999999;0,78800000000000003;0,59599999999999997;0,79600000000000004;0,754;;;;5,984;1,24461;0,95774000000000004;0,96538000000000002;0,33207999999999999;0,18557000000000001;7,8570000000000001E-2;;;;;;;51815810;100210;517,07219999999995;0,99970000000000003;0,65000000000000002;;Republic of Korea;2,3900000000000001;37,969999999999999;525;9,2599999999999998;77,909999999999997;4,6799999999999997;3,5800000000000001;99,189999999999998;21,399999999999999;3,8700000000000001;9612727;99,849999999999994;5,7000000000000002;58;1259447;589755;2,2799999999999998;4,8600000000000003;42152095;49,990000000000002;4,8499999999999996;18,57;0,5;5,9000000000000004;12,83;28808833;8,1899999999999995;0,31;110799;50,009999999999998
Kosovo;;2;0,40000000000000002;3,6000000000000001;0,61199999999999999;0,44500000000000001;0,35499999999999998;0,42699999999999999;0,42699999999999999;;;;5,5890000000000004;0,80147999999999997;0,81198000000000004;0,63131999999999999;0,24748999999999999;0,28310000000000002;4,7410000000000001E-2;;;;;;;;;;;;;Kosovo;8,1099999999999994;48,450000000000003;0;0;0;0;0;0;0;0;0;0;5,5599999999999996;0;21526;13907;1,5600000000000001;2,3999999999999999;0;49,869999999999997;0;0;0;11,44;0;0;0;0;-33469;50,130000000000003
Kuwait;Asia;;;;0,317;0,28999999999999998;9,1999999999999998E-2;0,248;0,24299999999999999;264;;;6,2949999999999999;1,5542199999999999;1,16594;0,72492000000000001;0,55498999999999998;0,16228000000000001;0,25608999999999998;6,7000000000000002;1;82,799999999999997;80,299999999999997;2,1000000000000001;78,900000000000006;4268873;17818;239,5821;1,0044;5,0000000000000003E-2;1,6000000000000001;Kuwait;6;32,210000000000001;301;13,550000000000001;79,370000000000005;0;5,8399999999999999;100;17,899999999999999;0,96999999999999997;0;100;2,1899999999999999;20;7537;8563;0,31;0,44;4441100;61,659999999999997;4,7199999999999998;0;0;12,44;7,0899999999999999;2567847;0;2,8300000000000001;9088;38,340000000000003
Kyrgyzstan;Asia;;;;0,41299999999999998;0,25700000000000001;0,224;0,29599999999999999;0,23999999999999999;451;472;171;5,2859999999999996;0,47427999999999998;1,1511499999999999;0,65088000000000001;0,43476999999999999;0,30030000000000001;4,2320000000000003E-2;13,1;1,6000000000000001;74,900000000000006;70,5;2,8999999999999999;66,200000000000003;6630623;199951;33,161200000000001;1,0158;8,0000000000000002E-2;20,5;Kyrgyzstan;38,359999999999999;61,969999999999999;1124;7,9699999999999998;81,590000000000003;5,3700000000000001;4,5;92,340000000000003;27,600000000000001;4,0899999999999999;4093812;97,780000000000001;5,2000000000000002;110;33155;17009;0,54000000000000004;1,01;2362388;49,100000000000001;2,3100000000000001;63,409999999999997;1,71;26,899999999999999;10,44;2559835;4,9500000000000002;2,75;-34270;50,899999999999999
Lao People's Democratic Republic;Asia;;;;0,13500000000000001;9,9000000000000005E-2;0,125;6,6000000000000003E-2;0,125;;;;4,8760000000000003;0,59065999999999996;0,73802999999999996;0,54908999999999997;0,59591000000000005;0,42192000000000002;0,24249000000000001;;;;;;;7529475;236800;31,796800000000001;1,0141;8,9999999999999997E-2;;Lao People's Democratic Republic;76,159999999999997;56,049999999999997;2772;9,0199999999999996;65,340000000000003;2,1200000000000001;2,77;61,060000000000002;32,5;3,71;4641317;78,950000000000003;6,5;155;26176;19570;0,54000000000000004;0,72999999999999998;2570736;50,420000000000002;0,95999999999999996;64,359999999999999;0,5;22,789999999999999;25,640000000000001;2930353;11,52;3,3100000000000001;-10303;49,579999999999998
Latvia;Europe;3;3,6000000000000001;2,3999999999999999;0,82399999999999995;0,73499999999999999;0,58699999999999997;0,67400000000000004;0,69799999999999995;117;55;62;5,0979999999999999;1,1131200000000001;1,09562;0,72436999999999996;0,29670999999999997;0,18226000000000001;6,3320000000000001E-2;2,7999999999999998;-1,1000000000000001;80,099999999999994;75,900000000000006;1,6000000000000001;71,5;1850651;64559;28,666;0,98760000000000003;0,02;27;Latvia;12,359999999999999;57,890000000000001;65;4,9699999999999998;91,989999999999995;4,4199999999999999;5,4199999999999999;83,609999999999999;37,200000000000003;7,1900000000000004;608174;92,409999999999997;14,5;24;86543;29733;3,3700000000000001;8,4000000000000004;1305648;46,149999999999999;3,96;31,780000000000001;-0,94999999999999996;9,8000000000000007;3,04;988868;13,09;-0,57999999999999996;-7903;53,850000000000001
Lebanon;Asia;;;;0,437;0,26500000000000001;0,25;0,33300000000000002;0,26300000000000001;491;205;177;4,8390000000000004;1,0256400000000001;0,80001;0,83947000000000005;0,33916000000000002;0,21854000000000001;0,04582;6,2000000000000002;-2,2999999999999998;76,599999999999994;74,400000000000006;2,1000000000000001;72,200000000000003;5489739;10452;525,23339999999996;0,98160000000000003;7,0000000000000007E-2;4,7000000000000002;Lebanon;20,899999999999999;57,789999999999999;566;5,9000000000000004;88,549999999999997;2,6000000000000001;14,32;26,190000000000001;38,399999999999999;9,9199999999999999;650002;99,069999999999993;5,1799999999999997;15;69109;38360;1,3600000000000001;2,3300000000000001;5131905;48,670000000000002;3,54;11,24;-4,3399999999999999;15,82;5,5499999999999998;2045681;1,48;-2,6899999999999999;-237572;51,329999999999998
Lesotho;Africa;;;;0,625;0,505;0,39200000000000002;0,47299999999999998;0,497;362;93;40;4,8979999999999997;0,37545000000000001;1,0410299999999999;7,6119999999999993E-2;0,31767000000000001;0,16388;0,12504000000000001;69;1;55,899999999999999;53;3;50,299999999999997;2305825;30355;75,962000000000003;1,0106999999999999;2,9999999999999999E-2;24,399999999999999;Lesotho;91,189999999999998;62,82;1667;12,73;45,079999999999998;7,1900000000000004;19,059999999999999;45,82;24,399999999999999;15,07;1589485;48,43;13,01;654;10946;5362;0,48999999999999999;0,96999999999999997;636217;49,329999999999998;5,0199999999999996;71,420000000000002;0,65000000000000002;26,84;42,189999999999998;945597;4,54;2,77;-2989;50,670000000000002
Liberia;Africa;;;;0,63400000000000001;0,46100000000000002;0,34999999999999998;0,432;0,41199999999999998;684;142;85;4,5709999999999997;7,1199999999999999E-2;0,78968000000000005;0,34200999999999998;0,28531000000000001;0,24362;0,06232;57,299999999999997;2,1000000000000001;62,399999999999999;61,100000000000001;4;59,799999999999997;5302681;111369;47,613599999999998;1,0209999999999999;7,0000000000000007E-2;11;Liberia;128,59999999999999;82,569999999999993;3841;9,9100000000000001;31,66;2,4900000000000002;2,3599999999999999;0;8,4000000000000004;3,6200000000000001;2412132;20,760000000000002;8,6600000000000001;308;11294;9108;0,37;0,45000000000000001;2573157;49,740000000000002;1,3600000000000001;48,380000000000003;0,98999999999999999;32,18;58,43;2223648;3,6400000000000001;2,8500000000000001;-19697;50,259999999999998
Libya;Africa;;;;0,27100000000000002;0,14399999999999999;0,17799999999999999;0,23899999999999999;0,16200000000000001;;;;5,7539999999999996;1,1314500000000001;1,1186199999999999;0,70379999999999998;0,41667999999999999;0,18295;0,11022999999999999;9,0999999999999996;1,1000000000000001;74,799999999999997;72,200000000000003;2,3999999999999999;69,700000000000003;6812341;1759540;3,8717000000000001;1,0114000000000001;8,9999999999999997E-2;16,5;Libya;7,0499999999999998;53,159999999999997;881;14,56;75,049999999999997;0;25,559999999999999;23,829999999999998;0;16,309999999999999;1288001;92,109999999999999;5,4500000000000002;59;32422;22860;0,68999999999999995;1;5281087;50,68;0;19,609999999999999;-7,0000000000000007E-2;18,73;10,390000000000001;2192471;0,01;1,76;-1352;49,32
Liechtenstein;Europe;5,0999999999999996;5,0999999999999996;5,2000000000000002;;;;;;2;2;2;;;;;;;;5;0,69999999999999996;86,099999999999994;84,700000000000003;1,5;83;39327;160;245,7937;1,0074000000000001;0;28;Liechtenstein;3,1499999999999999;48,789999999999999;0;0;0;0;0;96,219999999999999;0;0;32952;99,950000000000003;6,7999999999999998;0;906;549;2,8700000000000001;4,6699999999999999;5530;49,640000000000001;0;85,629999999999995;0,75;9,1999999999999993;0;0;0;1,02;178;50,359999999999999
Lithuania;Europe;2,6000000000000001;1,5;3,7999999999999998;0,79700000000000004;0,73799999999999999;0,58699999999999997;0,64800000000000002;0,68899999999999995;108;183;81;5,8330000000000002;1,14723;1,25745;0,73128000000000004;0,21342;2,6409999999999999E-2;0,01031;2,7999999999999998;-1,3999999999999999;79,099999999999994;74,299999999999997;1,6000000000000001;69,5;2750055;65300;42,114199999999997;0,9869;2,9999999999999999E-2;28,399999999999999;Lithuania;10,59;54,210000000000001;79;5,4299999999999997;91,150000000000006;3,9700000000000002;5,4900000000000002;93,760000000000005;32,299999999999997;7,0199999999999996;898175;93,769999999999996;13,699999999999999;41;122949;46553;3,5600000000000001;8,2599999999999998;1895962;46,75;4,5599999999999996;32,149999999999999;-0,81000000000000005;9,8000000000000007;3,4100000000000001;1475085;11,789999999999999;-0;-13398;53,25
Luxembourg;Europe;0,59999999999999998;;;0,88100000000000001;0,79400000000000004;0,627;0,83899999999999997;0,82099999999999995;36;22;25;6,9459999999999997;1,5639099999999999;1,21963;0,91893999999999998;0,61582999999999999;0,28033999999999998;0,37797999999999998;3,1000000000000001;1,1000000000000001;84,799999999999997;82,599999999999994;1,3999999999999999;80,400000000000006;647599;2586;250,42500000000001;1,0128999999999999;0,01;33,299999999999997;Luxembourg;4,3099999999999996;43,82;23;6,0499999999999998;88,599999999999994;3,7400000000000002;5,5199999999999996;94,810000000000002;21,600000000000001;5,6399999999999997;54417;97,590000000000003;6,9000000000000004;8,9000000000000004;15400;9168;2,9399999999999999;5;565584;50,299999999999997;4,6699999999999999;8,7799999999999994;-0,76000000000000001;10;5,3600000000000003;315771;11,529999999999999;2,23;10365;49,700000000000003
Madagascar;Africa;;;;0,497;0,26000000000000001;0,29499999999999998;0,28100000000000003;0,218;4,7640000000000002;1,163;374;3,681;0,20824000000000001;0,66800999999999999;0,46721000000000001;0,19184000000000001;0,21332999999999999;8,1240000000000007E-2;32,600000000000001;2,3999999999999999;67,599999999999994;65,200000000000003;3,7999999999999998;63;29611714;587041;50,442300000000003;1,0241;0,37;18,5;Madagascar;123,26000000000001;76,099999999999994;16588;9,5199999999999996;45,030000000000001;3,0099999999999998;1,8799999999999999;11,050000000000001;28,399999999999999;1,8100000000000001;17108814;13,17;6,5199999999999996;233;62983;48874;0,34999999999999998;0,46000000000000002;10424320;50,140000000000001;1,22;62,140000000000001;1,45;31,699999999999999;45,460000000000001;14122746;1,02;4,3099999999999996;-1487;49,859999999999999
Malawi;Africa;;;;0,61899999999999999;0,53600000000000003;0,41199999999999998;0,505;0,374;4,2050000000000001;795;167;4,2919999999999998;1,6039999999999999E-2;0,41133999999999998;0,22561999999999999;0,43053999999999998;0,33128000000000002;6,9769999999999999E-2;27,5;2,5;66,299999999999997;62,899999999999999;3,7999999999999998;59,600000000000001;20405317;118484;172,22;1,0259;0,26000000000000001;22,899999999999999;Malawi;121,41;89,239999999999995;10585;10,16;40,189999999999998;0;5,7699999999999996;40,020000000000003;11,300000000000001;4,1100000000000003;15627061;42,799999999999997;6,6100000000000003;146;79203;36887;0,40000000000000002;0,81999999999999995;3240276;48,590000000000003;1,6699999999999999;82,829999999999998;2,3999999999999999;33,600000000000001;49,649999999999999;7086643;3,2400000000000002;4,0700000000000003;-2228;51,409999999999997
Malaysia;Asia;0,69999999999999996;;;0,41399999999999998;0,28999999999999998;0,255;0,30099999999999999;0,316;3,1080000000000001;1,4330000000000001;1,369;5,7699999999999996;1,12486;1,07023;0,72394000000000003;0,53024000000000004;0,33074999999999999;0,10501000000000001;5,9000000000000004;1,1000000000000001;78,799999999999997;76,299999999999997;1,8;74;33938221;330803;102,5934;1,0108999999999999;0,42999999999999999;15;Malaysia;9,3499999999999996;43,640000000000001;2729;8,4199999999999999;73,439999999999998;3,98;3,3999999999999999;83,780000000000001;22,800000000000001;3,1699999999999999;7673844;95,879999999999995;5,25;92;186932;143974;0,85999999999999999;1,1699999999999999;25130176;51,200000000000003;2,0099999999999998;23,390000000000001;-1,1699999999999999;15,58;18,140000000000001;16435372;0,76000000000000001;1,99;60824;48,799999999999997
Maldives;Asia;;;;0,59699999999999998;0,441;0,33500000000000002;0,443;0,41599999999999998;42;18;;;;;;;;;6;-0,40000000000000002;81,799999999999997;80,799999999999997;1,7;80,099999999999994;523787;300;1745,9567;1,0044999999999999;0,01;4,5999999999999996;Maldives;8,0199999999999996;35,399999999999999;39;6,6600000000000001;85,180000000000007;4,21;3,7799999999999998;0;25,899999999999999;4,8399999999999999;301504;98,269999999999996;2,8599999999999999;36;2165;2756;0,94999999999999996;1,02;203004;57,799999999999997;6;59,759999999999998;2,25;15;8,1600000000000001;250805;1,4299999999999999;4,04;6690;42,200000000000003
Mali;Africa;;;;0,246;0,161;0,17699999999999999;0,24099999999999999;0,183;2,2269999999999999;632;314;3,9950000000000001;0,26074000000000003;1,0352600000000001;0,20583000000000001;0,38857000000000003;0,18798000000000001;0,12352;53,299999999999997;3,1000000000000001;60,799999999999997;59,399999999999999;5,9000000000000004;58,100000000000001;22593590;1240192;18,2178;1,0314000000000001;0,28000000000000003;26,5;Mali;153,83000000000001;101,34999999999999;21352;9,4199999999999999;30,32;3,5600000000000001;1,5600000000000001;14,380000000000001;8,5999999999999996;1,6599999999999999;11695460;44,799999999999997;9,1999999999999993;52;27635;21836;0,20999999999999999;0,27000000000000002;8871964;50,509999999999998;1,3100000000000001;56,859999999999999;1,76;42,380000000000003;60,25;7412716;4,3499999999999996;4,9500000000000002;-44428;49,490000000000002
Malta;Europe;0,40000000000000002;0;0,69999999999999996;0,77900000000000003;0,64000000000000001;0,56000000000000005;0,63200000000000001;0,68799999999999994;25;13;17;6,3019999999999996;1,2074;1,30203;0,88721000000000005;0,60365000000000002;0,51751999999999998;0,13586000000000001;5,2999999999999998;0,29999999999999999;85,700000000000003;83,700000000000003;1,2;81,599999999999994;533286;316;1687,6139000000001;1,0124;0,01;13,4;Malta;11,380000000000001;47,32;13;3,25;89,75;4,9400000000000004;4,0199999999999996;88,180000000000007;24,5;3,3599999999999999;26826;99,959999999999994;7,2999999999999998;22;13943;8589;3,3100000000000001;5,71;477236;51,549999999999997;5,7800000000000002;5,3200000000000003;2,7000000000000002;8,5999999999999996;7;265572;8,5199999999999996;4;11247;48,450000000000003
Marshall Islands;Oceania;;;;;;;;;8;4;1;;;;;;;;24,5;1;67,099999999999994;65,099999999999994;2,7000000000000002;63,5;41569;181;229,66300000000001;0,98860000000000003;0;6,0999999999999996;Marshall Islands;63,640000000000001;62,68;11;0;0;9,9199999999999999;0;0;28,399999999999999;0;10101;81,329999999999998;7,29;483;79;39;0,17000000000000001;0,35999999999999999;34627;51,140000000000001;6,8099999999999996;22,579999999999998;-4,4699999999999998;20,739999999999998;0;0;0;-2,2799999999999998;-1901;48,859999999999999
Mauritania;Africa;;;;0,38800000000000001;0,16700000000000001;0,25700000000000001;0,30199999999999999;0,125;633;135;52;4,4359999999999999;0,45406999999999997;0,86907999999999996;0,35874;0,24232000000000001;0,219;0,17460999999999999;43,600000000000001;2,6000000000000001;66,400000000000006;64,700000000000003;4,2999999999999998;63;4736139;1030700;4,5951000000000004;1,0263;5,9999999999999998E-2;20,300000000000001;Mauritania;79,489999999999995;85,400000000000006;2583;10,220000000000001;37,060000000000002;1,78;11,6;0;11,1;9,8000000000000007;1994344;49,590000000000003;7;89;12182;10230;0,47999999999999998;0,54000000000000004;2389505;48,93;1,24;45,490000000000002;0,80000000000000004;33,719999999999999;52,710000000000001;1029009;0;4,1600000000000001;-3018;51,07
Mauritius;Africa;2,6000000000000001;1,8;3,3999999999999999;0,54600000000000004;0,435;0,35199999999999998;0,47499999999999998;0,42599999999999999;102;64;65;5,4770000000000003;1,0076099999999999;0,98521000000000003;0,70950000000000002;0,56066000000000005;0,37744;7,5209999999999999E-2;13,4;0,10000000000000001;77,099999999999994;74;1,3999999999999999;71;1299469;2040;636,99459999999999;1,0004;0,02;20;Mauritius;24,309999999999999;40,420000000000002;138;4,3499999999999996;88,379999999999995;4,54;9,7200000000000006;0;20,5;4,1200000000000001;749894;0;8,8000000000000007;12;16270;8964;1,4299999999999999;2,54;516091;49,409999999999997;2,9199999999999999;59,229999999999997;8,0000000000000002E-2;10,199999999999999;7,2599999999999998;616374;7,5199999999999996;-2,9999999999999999E-2;-1034;50,590000000000003
Mexico;Americas;28,199999999999999;6,2000000000000002;50,5;0,61699999999999999;0,371;0,38100000000000001;0,379;0,33100000000000002;14,398;8,6600000000000001;4,8129999999999997;7,1870000000000003;1,02054;0,91451000000000005;0,81444000000000005;0,48181000000000002;0,14074;0,21312;10,9;0,80000000000000004;78,200000000000003;74,799999999999997;1,8;71,5;127504125;1964375;64,908199999999994;1,0063;1,6000000000000001;50;Mexico;58,390000000000001;50,649999999999999;13446;10,5;80,409999999999997;0;3,52;55,049999999999997;13,4;3,46;24461683;90,780000000000001;6,9299999999999997;23;1233595;943780;1,54;1,9299999999999999;100623628;48,920000000000002;2,6800000000000002;19,559999999999999;-0,59999999999999998;15,710000000000001;9,0899999999999999;56818605;5,7199999999999998;1,22;-47764;51,079999999999998
Micronesia (Federated States of);Oceania;3,7000000000000002;;;;;;;;14;4;;;;;;;;;22;1;75,700000000000003;72,700000000000003;2,7999999999999998;69,799999999999997;114164;702;162,6268;1,0091000000000001;0;7,0999999999999996;Micronesia (Federated States of);37,009999999999998;58,259999999999998;28;7,8099999999999996;79,480000000000004;10,23;0;0;0;0;85971;90,450000000000003;5,7300000000000004;102;416;204;0,35999999999999999;0,75;25408;50,340000000000003;3,2000000000000002;77,189999999999998;0,26000000000000001;21,059999999999999;12,710000000000001;0;2,1200000000000001;0,89000000000000001;-1283;49,659999999999997
Micronesia (Federated States of);Oceania;3,7000000000000002;;;;;;;;14;4;;;;;;;;;22;1;75,700000000000003;72,700000000000003;2,7999999999999998;69,799999999999997;114164;702;162,6268;1,0091000000000001;0;7,0999999999999996;Micronesia (Federated States of);37,009999999999998;58,259999999999998;28;7,8099999999999996;79,480000000000004;10,23;0;0;0;0;85971;90,450000000000003;5,7300000000000004;102;416;204;0,35999999999999999;0,75;25408;50,340000000000003;3,2000000000000002;77,189999999999998;0,26000000000000001;21,059999999999999;12,710000000000001;0;2,1200000000000001;0,89000000000000001;-1283;49,659999999999997
Micronesia (Federated States of);Oceania;3,7000000000000002;;;;;;;;14;4;;;;;;;;;18,899999999999999;0,90000000000000002;74,799999999999997;70,900000000000006;2,7000000000000002;67,299999999999997;114164;702;162,6268;1,0091000000000001;0;7,0999999999999996;Micronesia (Federated States of);37,009999999999998;58,259999999999998;28;7,8099999999999996;79,480000000000004;10,23;0;0;0;0;85971;90,450000000000003;5,7300000000000004;102;416;204;0,35999999999999999;0,75;25408;50,340000000000003;3,2000000000000002;77,189999999999998;0,26000000000000001;21,059999999999999;12,710000000000001;0;2,1200000000000001;0,89000000000000001;-1283;49,659999999999997
Micronesia (Federated States of);Oceania;3,7000000000000002;;;;;;;;14;4;;;;;;;;;18,899999999999999;0,90000000000000002;74,799999999999997;70,900000000000006;2,7000000000000002;67,299999999999997;114164;702;162,6268;1,0091000000000001;0;7,0999999999999996;Micronesia (Federated States of);37,009999999999998;58,259999999999998;28;7,8099999999999996;79,480000000000004;10,23;0;0;0;0;85971;90,450000000000003;5,7300000000000004;102;416;204;0,35999999999999999;0,75;25408;50,340000000000003;3,2000000000000002;77,189999999999998;0,26000000000000001;21,059999999999999;12,710000000000001;0;2,1200000000000001;0,89000000000000001;-1283;49,659999999999997
Republic of Moldova;Europe;;;;0,745;0,61599999999999999;0,51500000000000001;0,59999999999999998;0,57299999999999995;;;;5,8890000000000002;0,59448000000000001;1,01528;0,61826000000000003;0,32818000000000003;0,20951;1,6150000000000001E-2;;;;;;;3272996;33846;96,702600000000004;1,0690999999999999;4,0000000000000001E-2;;Republic of Moldova;28,98;48,100000000000001;291;6,0499999999999998;89,480000000000004;6,2300000000000004;4,3499999999999996;0;28,699999999999999;5,7999999999999998;1525908;82,989999999999995;13,09;80;44186;16337;1,29;3,1600000000000001;1138316;47,530000000000001;3,7999999999999998;57,270000000000003;-1,77;12,890000000000001;4,4699999999999998;906622;11,359999999999999;-1,3700000000000001;-28328;52,469999999999999
Monaco;Europe;;;;;;;;;2;2;1;;;;;;;;3,6000000000000001;-0,5;88,900000000000006;86,900000000000006;2,1000000000000001;85,099999999999994;36469;2;18234,5;0,99409999999999998;0;33,299999999999997;Monaco;7,1500000000000004;92,549999999999997;1;0;0;1,1599999999999999;0;100;0;0;0;100;0;0;3466;2695;14,85;18,350000000000001;37034;49;1,3;0;0;0;0;0;0;0,01;416;51,009999999999998
Mongolia;Asia;6,2000000000000002;2,5;9,8000000000000007;0,626;0,49099999999999999;0,33400000000000002;0,46999999999999997;0,43099999999999999;251;;123;4,8739999999999997;0,82818999999999998;1,3006;0,60267999999999999;0,43625999999999998;0,33229999999999998;0,02666;8,8000000000000007;1,5;77,400000000000006;72,700000000000003;2,7999999999999998;68,099999999999994;3398366;1564110;2,1726999999999999;1,0150999999999999;4,0000000000000001E-2;17,100000000000001;Mongolia;31,079999999999998;55,939999999999998;348;10,970000000000001;82,719999999999999;3,6499999999999999;4,8899999999999997;63,939999999999998;29,600000000000001;5,9000000000000004;1016826;67,790000000000006;5,5;428;14719;7546;0,46999999999999997;0,91000000000000003;2215604;49,689999999999998;2,4700000000000002;31,460000000000001;1,8300000000000001;23,289999999999999;6,3099999999999996;1388801;7,9299999999999997;2,2799999999999998;10664;50,310000000000002
Montenegro;Europe;2,3999999999999999;0,59999999999999998;4,2000000000000002;0,50700000000000001;0,40999999999999998;0,30499999999999999;0,42299999999999999;0,41099999999999998;38;31;29;5,1920000000000002;0,97438000000000002;0,90556999999999999;0,72521000000000002;0,18260000000000001;0,16139999999999999;0,14296;1,2;-0,10000000000000001;80,299999999999997;76,799999999999997;1,7;73,5;627082;13812;45,401200000000003;0,99880000000000002;0,01;27,199999999999999;Montenegro;10,890000000000001;51,079999999999998;27;4,4800000000000004;94,109999999999999;0;15,68;51,729999999999997;31,800000000000001;14,67;204336;97,5;10,6;15;15089;7426;2,4500000000000002;4,7300000000000004;417692;48,759999999999998;5,0700000000000003;32,850000000000001;-1,05;11,6;1,4099999999999999;292048;10,34;0,46999999999999997;-1636;51,240000000000002
Morocco;Africa;1,8999999999999999;0,5;3,2999999999999998;0,26400000000000001;0,23999999999999999;0,16200000000000001;0,25600000000000001;0,20899999999999999;4,0389999999999997;1,667;;5,0129999999999999;0,73479000000000005;0,64095000000000002;0,60953999999999997;0,41691;7,1720000000000006E-2;8,5459999999999994E-2;14,4;1;77,200000000000003;75;2,2999999999999998;72,900000000000006;37457971;446550;83,882999999999996;1,0103;0,46999999999999997;24,100000000000001;Morocco;27,050000000000001;51,920000000000002;9313;6,9000000000000004;84,189999999999998;5;10,83;60,060000000000002;14,9;8,6999999999999993;13434809;86,329999999999998;5,6600000000000001;97;192593;136853;0,75;1,0700000000000001;22869599;50,359999999999999;2,1800000000000002;37,009999999999998;-0,40999999999999998;18,34;8,9100000000000001;11992891;0,48999999999999999;1,9099999999999999;-91959;49,640000000000001
Mozambique;Africa;;;;0,35699999999999998;0,23699999999999999;0,23999999999999999;0,249;0,23400000000000001;5,9020000000000001;805;268;4,9710000000000001;8,3080000000000001E-2;1,02626;9,1310000000000002E-2;0,34037000000000001;0,22269;0,15603;52,799999999999997;2,7000000000000002;62,700000000000003;59,600000000000001;4,5999999999999996;56,5;32969517;801590;41,130200000000002;1,0278;0,40999999999999998;42,399999999999999;Mozambique;168,86000000000001;87,469999999999999;20281;9,4000000000000004;36,159999999999997;6,29;3,73;0;14,800000000000001;3,1800000000000002;19222873;33,350000000000001;8,0399999999999991;361;47945;31244;0,20999999999999999;0,31;11062722;49,039999999999999;1,8400000000000001;63,469999999999999;2,04;37,340000000000003;54,439999999999998;13355546;2,0299999999999998;4,3799999999999999;-17639;50,960000000000001
Myanmar;Asia;28,399999999999999;7,2999999999999998;49,799999999999997;0,107;5,0000000000000003E-2;9,9000000000000005E-2;6,4000000000000001E-2;6,6000000000000003E-2;;;;4,3070000000000004;0,27107999999999999;0,70904999999999996;0,48246;0,44017000000000001;0,79588000000000003;0,19034000000000001;32,700000000000003;0,69999999999999996;70,5;67,299999999999997;2,1000000000000001;64,200000000000003;54179306;676578;80,078400000000002;1,0071000000000001;0,68000000000000005;15,300000000000001;Myanmar;33,100000000000001;46,299999999999997;14184;7,2599999999999998;71,140000000000001;2,1400000000000001;0,47999999999999998;60,770000000000003;45,100000000000001;0,37;36676246;73,170000000000002;8,6899999999999995;322;269853;154319;0,57999999999999996;1,01;16363966;49,82;0,73999999999999999;69,150000000000006;0,31;17,66;21,600000000000001;23943305;2,1200000000000001;1,6000000000000001;-100810;50,18
Namibia;Africa;12,4;6,7999999999999998;18,5;0,63800000000000001;0,51300000000000001;0,38300000000000001;0,46999999999999997;0,34399999999999997;447;153;;;;;;;;;29,800000000000001;1,3999999999999999;61,700000000000003;58,100000000000001;3,2000000000000002;54,600000000000001;2567012;825615;3,1092;1,0145999999999999;2,9999999999999999E-2;44,200000000000003;Namibia;66,939999999999998;67,230000000000004;1254;11,81;43,039999999999999;9,3200000000000003;18,75;0;15,5;21,219999999999999;1197828;34,960000000000001;8,25;486;10726;4373;0,37;0,84999999999999998;1248816;48,289999999999999;4;48,960000000000001;-0,34999999999999998;28,43;45,149999999999999;918680;5,9299999999999997;3,6899999999999999;-8596;51,710000000000001
Nauru;Oceania;;;;;;;;;2;;;;;;;;;;15,300000000000001;0,90000000000000002;67,799999999999997;64;3,5;60,5;12668;21;603,23810000000003;1,0125;0;10,5;Nauru;75,819999999999993;69,489999999999995;4;0;0;6,2199999999999998;0;0;49,200000000000003;0;0;65,930000000000007;6,4800000000000004;161;11;8;0,14000000000000001;0,17999999999999999;12132;50,909999999999997;10,91;0;0;29,120000000000001;0;0;2,9399999999999999;1,73;-107;49,090000000000003
Nepal;Asia;;;;0,60499999999999998;0,47799999999999998;0,39000000000000001;0,34899999999999998;0,38300000000000001;4,335;1,835;1,341;4,5140000000000002;0,35997000000000001;0,86448999999999998;0,56874000000000002;0,38281999999999999;0,32296000000000002;5,9069999999999998E-2;20,300000000000001;1,2;72,400000000000006;70,5;2;68,599999999999994;30547580;147181;207,55109999999999;1,0170999999999999;0,38;33,600000000000001;Nepal;66,239999999999995;58,18;10176;8,7200000000000006;66,459999999999994;3,4900000000000002;12,01;45,979999999999997;31,5;9,7300000000000004;23021883;72,879999999999995;6,8700000000000001;238;122722;85023;0,62;0,81000000000000005;5810613;47,530000000000001;1,1000000000000001;79,849999999999994;0,62;20,870000000000001;24,82;8017497;1,3600000000000001;3,21;-70597;52,469999999999999
Netherlands;Europe;0,69999999999999996;0,40000000000000002;0,90000000000000002;0,86299999999999999;0,81000000000000005;0,58899999999999997;0,81399999999999995;0,78300000000000003;1,208;816;797;7,3780000000000001;1,32944;1,28017;0,89283999999999997;0,61575999999999997;0,47610000000000002;0,31813999999999998;3;0,29999999999999999;83,900000000000006;82,5;1,6000000000000001;80,900000000000006;17564014;41850;419,68970000000002;1,0036;0,22;40,700000000000003;Netherlands;2,5499999999999998;54,009999999999998;370;5,7599999999999998;88,230000000000004;5,1600000000000001;3,3599999999999999;97,5;22,600000000000001;3,3999999999999999;1409098;97,689999999999998;8,8000000000000007;4,9000000000000004;495503;314465;3,6499999999999999;5,6799999999999997;15935776;49,670000000000002;6,6799999999999997;8,1199999999999992;-3,9900000000000002;9,8000000000000007;6;9466453;9,3000000000000007;1,0800000000000001;60266;50,329999999999998
New Zealand;Oceania;;;;0,88300000000000001;0,82699999999999996;0,67900000000000005;0,75;0,78300000000000003;368;242;245;7,2859999999999996;1,2501800000000001;1,3196699999999999;0,90837000000000001;0,63937999999999995;0,47500999999999999;0,42921999999999999;3,5;0,80000000000000004;84,700000000000003;83;1,8;81,299999999999997;5185288;270467;19,171600000000002;1,0107999999999999;7,0000000000000007E-2;49,200000000000003;New Zealand;13,619999999999999;52,850000000000001;169;6,04;89,599999999999994;5,1699999999999999;4,4299999999999997;87,959999999999994;14,199999999999999;3,8199999999999998;666466;100;6,8700000000000001;7,2000000000000002;104755;74239;3,02;4,1600000000000001;4312734;49,439999999999998;7,1299999999999999;13,380000000000001;1,02;11,960000000000001;4,3499999999999996;2834605;9,8900000000000006;1,6799999999999999;103392;50,560000000000002
Nicaragua;Americas;11;3,1000000000000001;19,100000000000001;0,20100000000000001;3,6999999999999998E-2;0,121;3,2000000000000001E-2;0,094;854;;;5,8280000000000003;0,59325000000000006;1,14184;0,74314000000000002;0,55474999999999997;0,27815000000000001;0,19317000000000001;12,300000000000001;1,3999999999999999;77,599999999999994;74,599999999999994;2,2999999999999998;71,599999999999994;6948392;130373;53,296199999999999;1,0143;8,9999999999999997E-2;50,600000000000001;Nicaragua;88,620000000000005;55,450000000000003;1469;8,9100000000000001;81,640000000000001;4,5999999999999996;5,29;0;0;5,1500000000000004;2748202;72,969999999999999;4,6299999999999999;43;33776;20726;0,63;1;3915722;49,289999999999999;5,2699999999999996;41,240000000000002;0,81000000000000005;21,300000000000001;9,4499999999999993;2999937;4,1699999999999999;1,79;-19733;50,710000000000001
Niger;Africa;;;;0,52800000000000002;0,39800000000000002;0,33800000000000002;0,49299999999999999;0,35799999999999998;2,4449999999999998;482;114;3,8450000000000002;6,9400000000000003E-2;0,77264999999999995;0,29707;0,47692000000000001;0,19386999999999999;0,15639;40,100000000000001;3,7000000000000002;63,399999999999999;62,100000000000001;6,7000000000000002;60,799999999999997;26207977;1267000;20,685099999999998;1,0378000000000001;0,33000000000000002;25,899999999999999;Niger;175,47999999999999;105,86;23673;10,470000000000001;30,350000000000001;3,5299999999999998;0,46999999999999997;7,3899999999999997;7,5999999999999996;0,60999999999999999;19571248;14,789999999999999;7,8200000000000003;84;30167;19933;0,17000000000000001;0,26000000000000001;3872145;50,719999999999999;2,02;83,480000000000004;3,6600000000000001;45,859999999999999;59,170000000000002;8787355;0,13;4,3200000000000003;-15787;49,280000000000001
Nigeria;Africa;;;;0,49299999999999999;0,32900000000000001;0,33100000000000002;0,315;0,26600000000000001;25,443000000000001;6,1799999999999997;4,9359999999999999;5,2679999999999998;0,65434999999999999;0,90432000000000001;0,16006999999999999;0,34333999999999998;0,27233000000000002;4,0300000000000002E-2;71,900000000000006;2,3999999999999999;54;53,600000000000001;5,0999999999999996;53,299999999999997;218541212;923768;236,57589999999999;1,0241;2,7400000000000002;3,6000000000000001;Nigeria;102,81;87,680000000000007;180055;7,6600000000000001;27,129999999999999;0;4,8899999999999997;29,960000000000001;3,8999999999999999;5,4500000000000002;99300013;43,280000000000001;12,99;219;356089;302823;0,28999999999999998;0,34999999999999998;104004479;50,509999999999998;0,46999999999999997;48,840000000000003;0,80000000000000004;37,850000000000001;65,209999999999994;67373496;4,21;4,0499999999999998;-103989;49,490000000000002
North Macedonia;Europe;;;;0,58499999999999996;0,38900000000000001;0,39800000000000002;0,436;0,38800000000000001;109;85;84;5,0069999999999997;0,91851000000000005;1,0023200000000001;0,73545000000000005;0,33456999999999998;0,22359000000000001;5,3269999999999998E-2;4,9000000000000004;-0,5;76,200000000000003;73,900000000000006;1,3999999999999999;71,700000000000003;2093599;25713;81,421800000000005;0,99539999999999995;2,9999999999999999E-2;41,700000000000003;North Macedonia;15,81;43,840000000000003;90;2,5800000000000001;96,129999999999995;0;18,559999999999999;12,19;0;16,579999999999998;867892;97,879999999999995;9,8000000000000007;12;33202;19087;1,8400000000000001;3,1899999999999999;1208802;49,880000000000003;4,2599999999999998;41,789999999999999;-0,56000000000000005;9,5999999999999996;1,28;965045;4,6200000000000001;0,44;-987;50,119999999999997
Norway;Europe;0,5;0,59999999999999998;0,5;0,90100000000000002;0,85999999999999999;0,64600000000000002;0,874;0,86199999999999999;431;195;249;7,5220000000000002;1,4590000000000001;1,3309500000000001;0,88521000000000005;0,66973000000000005;0,34699000000000002;0,36503000000000002;1,8999999999999999;0,69999999999999996;85,099999999999994;83,400000000000006;1,5;81,700000000000003;5434319;323802;16,782800000000002;1,0058;7,0000000000000007E-2;45;Norway;2,3999999999999999;53,450000000000003;122;5,5999999999999996;86,719999999999999;7,8600000000000003;3,3900000000000001;77,840000000000003;17,100000000000001;3,9500000000000002;929678;98,049999999999997;7,5999999999999996;3,2999999999999998;139332;88950;3,2999999999999998;5,25;4418218;50,409999999999997;9,0299999999999994;17,379999999999999;-1,4199999999999999;10,199999999999999;7,6799999999999997;2825244;6,7999999999999998;1,1200000000000001;25564;49,590000000000003
Oman;Asia;0,20000000000000001;0,20000000000000001;0,29999999999999999;0,17199999999999999;0,13800000000000001;0,124;0,062;0,185;351;149;138;6,8529999999999998;1,3601099999999999;1,08182;0,76275999999999999;0,63273999999999997;0,21542;0,32523999999999997;8,5999999999999996;1,3999999999999999;76;73,900000000000006;2,6000000000000001;72,400000000000006;4576298;309500;14,786099999999999;1,0123;5,9999999999999998E-2;2,2999999999999998;Oman;11,32;36,469999999999999;513;10,449999999999999;79,790000000000006;0;7,6399999999999997;0;7,9000000000000004;0,89000000000000001;670025;99,319999999999993;2,2000000000000002;9,1999999999999993;10242;8661;0,29999999999999999;0,60999999999999999;3932743;63,539999999999999;3,8399999999999999;14,56;-5,9900000000000002;19,300000000000001;9,7599999999999998;2441558;0,88;1,1000000000000001;-106864;36,460000000000001
Pakistan;Asia;4;;;0,40400000000000003;0,26600000000000001;0,26400000000000001;0,317;0,182;19,847000000000001;6,5819999999999999;5,4960000000000004;5,194;0,59543000000000001;0,41410999999999998;0,51466000000000001;0,12102;0,33671000000000001;0,10464;51,799999999999997;2;68,900000000000006;66,400000000000006;3,3999999999999999;64,099999999999994;235824862;881912;267,40179999999998;1,0190999999999999;2,96;20,5;Pakistan;43,890000000000001;71,510000000000005;210343;7;59,859999999999999;2,21;6,2599999999999998;0;20,800000000000001;4,4100000000000001;140882429;65,390000000000001;6,7599999999999998;263;620932;502224;0,44;0,56000000000000005;82410851;50,609999999999999;0,93999999999999995;63,090000000000003;1,23;28,280000000000001;33,149999999999999;71922561;0,10000000000000001;2,2599999999999998;-1177218;49,390000000000001
Palau;Oceania;;;;;;;;;;;;;;;;;;;14,6;0;69,299999999999997;65,400000000000006;2,3999999999999999;62,200000000000003;18055;459;39,335500000000003;1,0017;0;6,2999999999999998;Palau;43,560000000000002;41,950000000000003;2;0;0;0;0;0;17,899999999999999;0;3499;98,290000000000006;10,199999999999999;39;126;55;0,58999999999999997;1,48;14417;52,350000000000001;7,0899999999999999;19,530000000000001;-2,4300000000000002;11,199999999999999;0;0;0;0,95999999999999996;8;47,649999999999999
Panama;Americas;12,699999999999999;2;23,399999999999999;0,73799999999999999;0,55200000000000005;0,44400000000000001;0,56599999999999995;0,45000000000000001;418;195;122;6,7859999999999996;1,0635300000000001;1,1984999999999999;0,79661000000000004;0,54210000000000003;0,24434;9,2700000000000005E-2;12,699999999999999;1,3;80,099999999999994;76,799999999999997;2,2999999999999998;73,700000000000003;4408581;75417;58,456099999999999;1,0132000000000001;5,9999999999999998E-2;22,5;Panama;71,790000000000006;54,130000000000003;604;8,7699999999999996;77,859999999999999;3,0899999999999999;8,0199999999999996;0;5,2999999999999998;5,1399999999999997;1351913;83,379999999999995;5,1200000000000001;37;44176;31343;1,48;2,0899999999999999;2880619;50,049999999999997;4,7999999999999998;31,940000000000001;0,51000000000000001;18,23;13,369999999999999;2041466;6,5999999999999996;2,1200000000000001;10623;49,950000000000003
Papua New Guinea;Oceania;;;;0,434;0,34200000000000003;0,26700000000000002;0,26200000000000001;0,23899999999999999;;;;;;;;;;;33,799999999999997;1,8999999999999999;69,200000000000003;66;3,2000000000000002;63,399999999999999;10142619;462840;21,913900000000002;1,0194000000000001;0,13;0;Papua New Guinea;57,100000000000001;61,859999999999999;3854;7,3700000000000001;62,350000000000001;0;1,49;0;39,899999999999999;3,2799999999999998;8278107;19,149999999999999;6,4699999999999998;432;14718;14535;0,28999999999999998;0,32000000000000001;1264379;51,729999999999997;1,3600000000000001;86,75;2,1699999999999999;26,370000000000001;30,27;2929298;1,7;2,8700000000000001;22977;48,270000000000003
Paraguay;Americas;7,7999999999999998;1,8999999999999999;13,699999999999999;0,58099999999999996;0,42999999999999999;0,35799999999999998;0,34999999999999998;0,253;727;;253;5,8780000000000001;0,75985000000000003;1,30477;0,66098000000000001;0,53898999999999997;0,34239999999999998;8,2419999999999993E-2;16,399999999999999;1,1000000000000001;73,599999999999994;70,5;2,3999999999999999;67,599999999999994;6780744;406752;16,670500000000001;1,0115000000000001;8,9999999999999997E-2;17,5;Paraguay;72,450000000000003;54,960000000000001;1464;11,109999999999999;74,939999999999998;3,4900000000000002;8,3000000000000007;53,880000000000003;12,1;5,3700000000000001;2489311;91,719999999999999;5,6399999999999997;46;44465;30230;0,92000000000000004;1,3700000000000001;4040715;50,240000000000002;3,3199999999999998;38,119999999999997;0,56999999999999995;21,280000000000001;13,949999999999999;3336159;5,5999999999999996;1,8100000000000001;-16270;49,759999999999998
Peru;Americas;;;;0,77100000000000002;0,66100000000000003;0,54600000000000004;0,57699999999999996;0,5;3,5129999999999999;1,6859999999999999;996;5,8239999999999998;0,90019000000000005;0,97458999999999996;0,73016999999999999;0,41496;0,14982000000000001;5,9889999999999999E-2;9,6999999999999993;0,80000000000000004;75,5;73,400000000000006;2,2000000000000002;71,299999999999997;34049588;1285216;26,493300000000001;1,0099;0,42999999999999999;40;Peru;58,810000000000002;54,32;4099;9,8800000000000008;72,590000000000003;3,8199999999999998;3,7400000000000002;50,170000000000002;8,6999999999999993;3,0800000000000001;7188973;76,709999999999994;6,0099999999999998;119;302926;237678;1,46;1,8300000000000001;25635888;49,560000000000002;3,2799999999999998;21,899999999999999;1,04;18,039999999999999;17,539999999999999;18527166;7,4500000000000002;2,1600000000000001;136558;50,439999999999998
Philippines;Asia;;;;0,436;0,28000000000000003;0,28899999999999998;0,376;0,187;14,452999999999999;5,6959999999999997;1,6240000000000001;5,0730000000000004;0,70531999999999995;1,0351600000000001;0,58113999999999999;0,62544999999999995;0,24990999999999999;0,12279;21,600000000000001;1,5;74,200000000000003;72,200000000000003;2,7000000000000002;70,200000000000003;115559009;342353;337,54340000000002;1,0146999999999999;1,45;27,699999999999999;Philippines;49,619999999999997;57,100000000000001;25992;5,9699999999999998;69,75;3,3599999999999999;2,5299999999999998;59,719999999999999;23,399999999999999;2,0499999999999998;58337359;81,25;5,6100000000000003;554;515990;282525;0,5;0,94999999999999996;52043445;50,740000000000002;1,6899999999999999;52,850000000000001;1,2;22,25;24,280000000000001;45091808;6,1799999999999997;2,1699999999999999;-24066;49,259999999999998
Poland;Europe;0,69999999999999996;0,40000000000000002;1;0,58299999999999996;0,42499999999999999;0,36399999999999999;0,376;0,496;;1,117;1,4319999999999999;5,7910000000000004;1,1255500000000001;1,27948;0,77903;0,53122000000000003;0,16758999999999999;4,2119999999999998E-2;3,3999999999999999;8,0999999999999996;80,799999999999997;77;1,5;73,200000000000003;39857145;312679;127,46980000000001;1,0404;0,5;28,300000000000001;Poland;9,8599999999999994;49,530000000000001;913;4,2400000000000002;89,909999999999997;4,6799999999999997;3,6000000000000001;97,75;24,699999999999999;3,02;15172143;98,959999999999994;10,800000000000001;15;1138459;513704;2,7999999999999998;5,8099999999999996;22793332;48,390000000000001;4,5999999999999996;39,960000000000001;2,9999999999999999E-2;9,9000000000000004;5,8499999999999996;18327422;11,630000000000001;-5,9999999999999998E-2;-2974;51,609999999999999
Portugal;Europe;0,80000000000000004;;;0,88800000000000001;0,81299999999999994;0,61699999999999999;0,79000000000000004;0,76600000000000001;657;385;394;5,1020000000000003;1,15991;1,1393500000000001;0,87519000000000002;0,51468999999999998;0,13719000000000001;0,01078;2,3999999999999999;-0,20000000000000001;84,900000000000006;82,200000000000003;1,3999999999999999;79,299999999999997;10270865;92090;111,5307;0,99809999999999999;0,13;40;Portugal;7,7999999999999998;55,399999999999999;206;4,79;86,689999999999998;4,6299999999999999;7,1399999999999997;91,319999999999993;25,300000000000001;5,79;3521605;99,650000000000006;10,9;19;430841;241294;4,9699999999999998;7,9299999999999997;6764658;47,210000000000001;5,7800000000000002;34,240000000000002;-1,5800000000000001;8,4000000000000004;8,5199999999999996;5264058;10,449999999999999;0,87;43656;52,789999999999999
Qatar;Asia;0,29999999999999999;0,5;0,29999999999999999;8,9999999999999997E-2;8,5999999999999993E-2;0,023;0,104;0,10299999999999999;130;52;44;6,6109999999999998;1,69042;1,0786;0,79732999999999998;0,64039999999999997;0,32573000000000002;0,52207999999999999;5;0,80000000000000004;83,099999999999994;81,599999999999994;1,8;80,599999999999994;2695122;11586;232,6189;1,0025999999999999;2,9999999999999999E-2;4,4000000000000004;Qatar;7,5499999999999998;18,710000000000001;92;18,16;76,890000000000001;2,7999999999999998;0,27000000000000002;97,349999999999994;12;7,0000000000000007E-2;22795;99,939999999999998;0,98999999999999999;35;1808;2214;0,11;0,23999999999999999;2784440;73,239999999999995;2,7200000000000002;0,81000000000000005;-4,8700000000000001;10,74;4,9500000000000002;2095831;1,1499999999999999;1,51;15493;26,760000000000002
Romania;Europe;1,3;0,80000000000000004;1,8;0,76800000000000002;0,61099999999999999;0,58299999999999996;0,55300000000000005;0,54800000000000004;947;785;778;5,1239999999999997;1,04345;0,88588;0,76890000000000003;0,35067999999999999;0,13747999999999999;6,4900000000000001E-3;5,4000000000000004;4;77,599999999999994;74,099999999999994;1,7;70,700000000000003;19659267;238391;82,466499999999996;1,0170999999999999;0,25;19,100000000000001;Romania;37,090000000000003;52,289999999999999;632;3,6400000000000001;91,040000000000006;3,5699999999999998;3,3799999999999999;82,109999999999999;28,399999999999999;4,3099999999999996;8894686;86,540000000000006;13,4;65;583927;300761;3,21;5,8399999999999999;10476962;48,409999999999997;4,5999999999999996;45,920000000000002;-0,70999999999999996;10,300000000000001;5,3300000000000001;8972261;16,989999999999998;-0,37;-25453;51,590000000000003
Russian Federation;Europe;;;;0,252;0,10199999999999999;0,16400000000000001;0,11700000000000001;0,19;;;;5,7160000000000002;1,13764;1,23617;0,66925999999999997;0,36679;0,00199;0,03005;;;;;;;144713314;17098242;8,4635999999999996;0,99729999999999996;1,8100000000000001;;Russian Federation;14,949999999999999;48,299999999999997;5592;6,79;89,310000000000002;3,5099999999999998;4,3399999999999999;60,759999999999998;27,100000000000001;4,6600000000000001;36697963;88,709999999999994;12,300000000000001;50;4042245;1323698;1,97;5,2300000000000004;107708298;46,450000000000003;3,4500000000000002;25,41;-0,65000000000000002;10,1;3,8999999999999999;73598523;10,42;0,16;333509;53,549999999999997
Rwanda;Africa;;;;0,23499999999999999;0,11899999999999999;0,17499999999999999;0,219;0,20999999999999999;2,4510000000000001;336;231;3,4649999999999999;0,22208;0,77370000000000005;0,42864000000000002;0,59201000000000004;0,22628000000000001;0,55191000000000001;28,300000000000001;2,2999999999999998;69,200000000000003;67,099999999999994;3,7000000000000002;64,799999999999997;13776698;26338;523,07309999999995;1,0234000000000001;0,17000000000000001;61,299999999999997;Rwanda;32,700000000000003;74,859999999999999;6929;11,43;50,390000000000001;3,2400000000000002;13,52;0;14,1;11,51;10612900;71,209999999999994;6,1399999999999997;57;38467;22142;0,34999999999999998;0,58999999999999997;2222128;48,82;2,5;82,689999999999998;2,27;30,780000000000001;38,18;4085693;1,8799999999999999;2,98;-11823;51,18
Samoa;Oceania;;;;;;;;;32;9;17;;;;;;;;15,1;1,5;75,299999999999997;72,599999999999994;3,8999999999999999;70,099999999999994;222382;2842;78,248400000000004;1,0165;0;7,7999999999999998;Samoa;45,200000000000003;75,450000000000003;47;7,8799999999999999;81,75;4,4000000000000004;13,949999999999999;44,539999999999999;25,899999999999999;6,25;173643;96,840000000000003;5,5;9,8000000000000007;1098;598;0,55000000000000004;1,0600000000000001;38262;51,039999999999999;4,6200000000000001;81,939999999999998;1,27;27,899999999999999;10,369999999999999;70843;2,3900000000000001;0,02;-2469;48,960000000000001
San Marino;Europe;;;;;;;;;;;;;;;;;;;2,3999999999999999;-0,10000000000000001;84,700000000000003;83,400000000000006;1,1000000000000001;82;33660;61;551,80330000000004;0,99750000000000005;0;33,299999999999997;San Marino;3,4900000000000002;49,399999999999999;0;0;0;3,3799999999999999;0;90,189999999999998;0;0;900;100;7,2000000000000002;0;1165;776;4,6600000000000001;6,6500000000000004;33278;48,719999999999999;7,3899999999999997;2,6299999999999999;-5,0899999999999999;6,7000000000000002;0;0;0;0,20999999999999999;148;51,280000000000001
Sao Tome and Principe;Africa;;;;0,68999999999999995;0,58399999999999996;0,433;0,52600000000000002;0,49399999999999999;36;15;7;;;;;;;;12,6;2;71,900000000000006;68,799999999999997;3,7999999999999998;66,099999999999994;227380;964;235,87139999999999;1,0192000000000001;0;23,600000000000001;Sao Tome and Principe;82,120000000000005;81,5;58;11,41;57,630000000000003;5,9000000000000004;20,27;32;5,7999999999999998;10,720000000000001;56658;45,119999999999997;5,8799999999999999;114;995;594;0,55000000000000004;0,93000000000000005;157941;49,920000000000002;2,3700000000000001;26,399999999999999;-1,4399999999999999;28,920000000000002;30,949999999999999;68314;5,0099999999999998;2,6099999999999999;-1718;50,079999999999998
Saudi Arabia;Asia;;;;0,016;4,3999999999999997E-2;0,02;5,9999999999999998E-2;0,112;3,4940000000000002;1,637;1,6830000000000001;6,4109999999999996;1,39541;1,0839300000000001;0,72024999999999995;0,31047999999999998;0,13705999999999999;0,32523999999999997;5,5;1,5;79,5;77,900000000000006;2,3999999999999999;76,700000000000003;36408820;2149690;16,936800000000002;1,0127999999999999;0,46000000000000002;19,899999999999999;Saudi Arabia;12,029999999999999;39,43;2938;19,460000000000001;73,409999999999997;0;21,379999999999999;79,819999999999993;14,199999999999999;2,5099999999999998;5709090;95,319999999999993;2,6600000000000001;9,4000000000000004;74836;81611;0,39000000000000001;0,5;30118272;58,159999999999997;0;15,94;0,91000000000000003;18,449999999999999;7,1299999999999999;15485557;0;2,5499999999999998;241172;41,840000000000003
Senegal;Africa;;;;0,71799999999999997;0,56599999999999995;0,39900000000000002;0,58699999999999997;0,54000000000000004;1,9770000000000001;806;330;3,9039999999999999;0,36498000000000003;0,97619;0,43540000000000001;0,36771999999999999;0,20843;0,10713;21;2,5;70,200000000000003;67,900000000000006;4,2999999999999998;65,5;17316449;196722;88,025000000000006;1,0261;0,22;42,700000000000003;Senegal;68,489999999999995;83,510000000000005;10785;11,34;44,909999999999997;5,4500000000000002;3,04;14,44;7,0999999999999996;2,7400000000000002;8375929;57,049999999999997;5,4100000000000001;117;37240;23921;0,29999999999999999;0,46000000000000002;7624852;49,130000000000003;1,0600000000000001;52,350000000000001;1,8200000000000001;33,469999999999999;43,75;4679043;0,40999999999999998;3,6699999999999999;-19973;50,869999999999997
Serbia;Europe;1,1000000000000001;0,69999999999999996;1,3999999999999999;0,34799999999999998;0,24299999999999999;0,23400000000000001;0,19800000000000001;0,30599999999999999;279;290;263;5,1230000000000002;0,92052999999999996;1,0096400000000001;0,74836000000000003;0,20107;0,19231000000000001;2,6169999999999999E-2;4,4000000000000004;-1,1000000000000001;77;74,099999999999994;1,5;71,299999999999997;7221365;88361;81,725700000000003;0,98970000000000002;8,9999999999999997E-2;40;Serbia;13,81;52,920000000000002;331;2,3700000000000001;94,920000000000002;3,6200000000000001;11,06;26,109999999999999;40,100000000000001;9,8399999999999999;3037846;97,900000000000006;14,6;14;218833;108881;3,27;6,0499999999999998;3907389;47,950000000000003;5,0599999999999996;43,740000000000002;-0,92000000000000004;9,3000000000000007;2,71;3272110;7,8899999999999997;-0,23999999999999999;489;52,049999999999997
Seychelles;Africa;4,7000000000000002;;;0,71399999999999997;0,64000000000000001;0,29999999999999999;0,64000000000000001;0,58199999999999996;9;4;3;;;;;;;;11,4;0,40000000000000002;76;71,700000000000003;2,2999999999999998;68,200000000000003;107118;452;236,98670000000001;1,0061;0;22,899999999999999;Seychelles;55,740000000000002;44,350000000000001;16;7,5300000000000002;78,980000000000004;4,0499999999999998;0;0;20,600000000000001;0;41863;100;8,0999999999999996;15;1132;398;0,77000000000000002;2,4500000000000002;55762;52,619999999999997;3,54;42,880000000000003;-0,11;16,399999999999999;13,49;0;11,99;1,6399999999999999;305;47,380000000000003
Sierra Leone;Africa;;;;0,55600000000000005;0,42599999999999999;0,374;0,51400000000000001;0,40300000000000002;1,3600000000000001;289;160;4,5069999999999997;0,33023999999999998;0,95570999999999995;0;0,40839999999999999;0,21487999999999999;8,7859999999999994E-2;70;2,1000000000000001;61,700000000000003;60,399999999999999;3,8999999999999999;59,100000000000001;8605718;71740;119,95699999999999;1,022;0,11;12,300000000000001;Sierra Leone;106,73;76,420000000000002;6323;9,25;34,07;7,4500000000000002;2,1600000000000001;13,34;14,300000000000001;4,1500000000000004;4628214;20,100000000000001;9,0600000000000005;295;16639;11496;0,28999999999999998;0,40999999999999998;3418614;50,090000000000003;1,24;57,520000000000003;1,5900000000000001;32,549999999999997;56,68;2590562;0,26000000000000001;3,3500000000000001;-2238;49,909999999999997
Singapore;Asia;0,10000000000000001;0,10000000000000001;0,10000000000000001;0,433;0,34499999999999997;0,124;0,36799999999999999;0,36599999999999999;239;;;6,798;1,52186;1,02;1,02525;0,54252;0,31104999999999999;0,49209999999999998;1,7;0,69999999999999996;86,299999999999997;84,099999999999994;1;82;5975689;710;8416,4634000000005;1,0058;7,0000000000000007E-2;29,100000000000001;Singapore;2,5099999999999998;32,280000000000001;82;4,2699999999999996;75,019999999999996;2,73;3,3300000000000001;100;16,600000000000001;2,9399999999999999;0;100;5;41;77987;47096;1,5800000000000001;2,8599999999999999;5703569;52,270000000000003;2,2799999999999998;0;0;8,8000000000000007;20,710000000000001;3527441;1,8700000000000001;1,1399999999999999;40624;47,729999999999997
Slovakia;Europe;1;0,59999999999999998;1,2;0,85599999999999998;0,77800000000000002;0,62;0,68200000000000005;0,69599999999999995;216;254;200;5,9950000000000001;1,1689099999999999;1,26999;0,78902000000000005;0,31751000000000001;0,16893;0,03431;4,7000000000000002;7,2000000000000002;78,799999999999997;75,299999999999997;1,6000000000000001;71,900000000000006;5643453;49037;115,0856;1,0359;7,0000000000000007E-2;21,300000000000001;Slovakia;26,879999999999999;47,280000000000001;167;6,29;88,609999999999999;4,2699999999999996;5,9500000000000002;82,489999999999995;31,5;5,5800000000000001;2523688;97,530000000000001;9,8000000000000007;4,5;126537;55705;2,0899999999999999;4,5300000000000002;2930459;48,829999999999998;5,4800000000000004;46,270000000000003;0,13;10,5;5,0999999999999996;2741604;10,48;0,14000000000000001;3378;51,170000000000002
Slovenia;Europe;0,40000000000000002;0,59999999999999998;0,29999999999999999;0,70199999999999996;0,59899999999999998;0,501;0,50600000000000001;0,56299999999999994;116;55;89;5,8479999999999999;1,1849799999999999;1,2738499999999999;0,87336999999999998;0,60855000000000004;0,25328000000000001;3,7870000000000001E-2;1,3999999999999999;0;84,599999999999994;82,099999999999994;1,6000000000000001;79,599999999999994;2119844;20273;104,56489999999999;1,0002;2,9999999999999999E-2;28,899999999999999;Slovenia;4,46;53,560000000000002;50;7,3600000000000003;89,989999999999995;4,9000000000000004;4,96;83,459999999999994;22,300000000000001;4,0099999999999998;943491;98,420000000000002;9,9000000000000004;5,2999999999999998;73515;36015;3,4399999999999999;7,0499999999999998;1144894;50,079999999999998;6,1699999999999999;45,18;8,0000000000000002E-2;9,3000000000000007;2,6499999999999999;1028559;10,98;1,21;7427;49,920000000000002
Solomon Islands;Oceania;;;;0,622;0,47499999999999998;0,37;0,35399999999999998;0,34799999999999998;104;32;;;;;;;;;15,6;2,2000000000000002;72,400000000000006;70,700000000000003;3,8999999999999999;69,299999999999997;724273;28896;25,064800000000002;1,0232000000000001;0,01;8;Solomon Islands;61,359999999999999;76,200000000000003;200;9,7699999999999996;66,829999999999998;0;0,77000000000000002;0;36,799999999999997;0,71999999999999997;511577;34,490000000000002;4,9900000000000002;66;1644;1706;0,48999999999999999;0,5;163416;51,119999999999997;3,3599999999999999;75,790000000000006;1,75;30,760000000000002;23,399999999999999;341348;1,6200000000000001;4,2800000000000002;-1603;48,880000000000003
Somalia;Africa;;;;0,16900000000000001;0,10199999999999999;9,0999999999999998E-2;0,14799999999999999;8,4000000000000005E-2;;;;;;;;;;;66,200000000000003;3;58,200000000000003;56,100000000000001;6,2000000000000002;54,100000000000001;17597511;637657;27,597100000000001;1,0311999999999999;0,22;24,399999999999999;Somalia;121,13;100,2;21021;9,0999999999999996;29,879999999999999;0,27000000000000002;24,379999999999999;30,620000000000001;0;16,309999999999999;8701179;38,229999999999997;11,039999999999999;258;26909;18909;0,23999999999999999;0,34000000000000002;7280121;50,130000000000003;0;54,450000000000003;2,5699999999999998;44,560000000000002;61,020000000000003;2858312;0;4,9199999999999999;48055;49,869999999999997
South Africa;Africa;41,899999999999999;;;0,70199999999999996;0,58199999999999996;0,438;0,627;0,48999999999999999;7,556;2,032;3,2480000000000002;4,6420000000000003;0,92049000000000003;1,18468;0,27688000000000001;0,33206999999999998;0,11973;8,8840000000000002E-2;28,100000000000001;0,80000000000000004;64,200000000000003;61,5;2,2999999999999998;58,600000000000001;59893885;1221037;49,051699999999997;1,0084;0,75;46,700000000000003;South Africa;64,980000000000004;53,130000000000003;20430;12,99;51,329999999999998;5,9299999999999997;27,07;69,540000000000006;20,399999999999999;24,199999999999999;19252374;75,379999999999995;8,6099999999999994;615;432784;173451;0,60999999999999999;1,45;38834681;48,560000000000002;4,8200000000000003;33,140000000000001;-0,20999999999999999;21,280000000000001;35,68;24142655;8,7699999999999996;2,0499999999999998;22728;51,439999999999998
South Sudan;Africa;;;;0,13200000000000001;5,3999999999999999E-2;8,1000000000000003E-2;0,123;2,5999999999999999E-2;1,274;108;56;;;;;;;;60,700000000000003;1,5;57;55,600000000000001;4,2999999999999998;54;10913164;619745;17,609100000000002;1,0153000000000001;0,14000000000000001;32,399999999999999;South Sudan;98,790000000000006;96,540000000000006;8084;10,75;27,940000000000001;0;13,15;0;0;11,19;8368685;15,75;10,529999999999999;227;17198;9251;0,17999999999999999;0,33000000000000002;2078981;49,460000000000001;0,77000000000000002;80,099999999999994;0,14999999999999999;29,059999999999999;61,299999999999997;3953250;0;1,9399999999999999;2048;50,539999999999999
Spain;Europe;0,59999999999999998;0,40000000000000002;0,80000000000000004;0,85399999999999998;0,77900000000000003;0,60499999999999998;0,748;0,753;3,0099999999999998;1,625;1,6879999999999999;6,3289999999999997;1,23011;1,31379;0,95562000000000002;0,45950999999999997;0,18226999999999999;6,3979999999999995E-2;2,2000000000000002;-0,10000000000000001;86,5;83,900000000000006;1,3;81,200000000000003;47558630;505992;93,990899999999996;1,0015000000000001;0,59999999999999998;43;Spain;5,9400000000000004;51,82;792;3,6200000000000001;90,769999999999996;4,2300000000000004;15,99;90,010000000000005;28,100000000000001;12,449999999999999;9160656;99,920000000000002;8,8000000000000007;9,9000000000000004;1801817;1061292;4,5899999999999999;7,5;37974181;49,020000000000003;6,4500000000000002;19,43;-0,53000000000000003;7,5999999999999996;5,6100000000000003;23139046;10,91;1,02;458942;50,979999999999997
Sri Lanka;Asia;;;;0,56100000000000005;0,38200000000000001;0,33500000000000002;0,30599999999999999;0,376;1,778;1,3480000000000001;;4,2709999999999999;0,83523999999999998;1,01905;0,70806000000000002;0,53725999999999996;0,40827999999999998;9,1789999999999997E-2;5,5;0,29999999999999999;80,200000000000003;76,599999999999994;2;72,900000000000006;21832143;65610;332,75630000000001;1,0026999999999999;0,27000000000000002;5,2999999999999998;Sri Lanka;15,960000000000001;52,390000000000001;1868;8,0099999999999998;82,519999999999996;0;7,3099999999999996;0;22,300000000000001;3,29;17750912;92,489999999999995;7,0700000000000003;64;234820;112525;1,0700000000000001;2,0800000000000001;4052088;48,229999999999997;1,5;81,420000000000002;0,47999999999999998;14,529999999999999;9,4700000000000006;8666096;2,8300000000000001;1,2;-94897;51,770000000000003
Saint Kitts and Nevis;Americas;29,399999999999999;4,0999999999999996;56,5;;;;;;5;3;2;;;;;;;;7,7999999999999998;0,20000000000000001;75,700000000000003;72;1,5;68,700000000000003;47657;261;182,59389999999999;1,0011000000000001;0;25;Saint Kitts and Nevis;40,289999999999999;40,869999999999997;5;0;0;2,9900000000000002;0;0;0;0;33017;0;9,9100000000000001;4,7999999999999998;565;318;1,3799999999999999;2,2999999999999998;14695;48,520000000000003;2,4300000000000002;69,200000000000003;-0,14000000000000001;12,69;0;0;6,3399999999999999;-2,9999999999999999E-2;-191;51,479999999999997
Saint Lucia;Americas;39;8,8000000000000007;69,700000000000003;;;;;;17;8;5;;;;;;;;11,9;0,10000000000000001;74,900000000000006;71,299999999999997;1,3999999999999999;68;179857;616;291,97559999999999;1,0011000000000001;0;11,1;Saint Lucia;38,490000000000002;38,189999999999998;24;9,9600000000000009;82,099999999999994;3,2799999999999998;16,949999999999999;0;0;13,84;145092;83,370000000000005;8,0700000000000003;3,8999999999999999;1842;1082;1,22;2,0499999999999998;33491;49,600000000000001;2,0600000000000001;81,25;0,29999999999999999;11,83;7,9400000000000004;100650;9,4700000000000006;0,79000000000000004;0;50,399999999999999
Saint Vincent and the Grenadines;Americas;;;;;;;;;;;;;;;;;;;;;;;;;103948;389;267,21850000000001;0,99629999999999996;0;;Saint Vincent and the Grenadines;49,590000000000003;49,219999999999999;18;7,79;79,099999999999994;0;18,199999999999999;0;0;19,699999999999999;49719;0;10,1;4,2000000000000002;1508;1251;2,3300000000000001;2,9399999999999999;55205;51,119999999999997;2,8700000000000001;47,390000000000001;-1,21;13,35;13,109999999999999;52973;7,1600000000000001;0,45000000000000001;-758;48,880000000000003
Sudan;Africa;;;;0,16900000000000001;7,3999999999999996E-2;8,0000000000000002E-2;5,7000000000000002E-2;0,10100000000000001;4,5179999999999998;1,0269999999999999;1,0329999999999999;4,5499999999999998;0,52107000000000003;1,0140400000000001;0,36878;0,10081;0,19062000000000001;0,14660000000000001;37,5;2,6000000000000001;68,200000000000003;65,599999999999994;4,4000000000000004;63;46874204;1886068;24,852900000000002;1,0266999999999999;0,58999999999999997;;Sudan;84,670000000000002;80,069999999999993;34522;10,51;53,950000000000003;0;28,440000000000001;0;0;12,9;28128529;36,780000000000001;6,5899999999999999;67;79369;60312;0,28000000000000003;0,37;15103564;49,979999999999997;1;65,060000000000002;2,4399999999999999;34,82;35,549999999999997;12330619;0,01;3,7400000000000002;-29450;50,020000000000003
Suriname;Americas;5,7000000000000002;2,2999999999999998;9,1999999999999993;0,74299999999999999;0,623;0,47799999999999998;0,58499999999999996;0,54800000000000004;72;39;15;6,2690000000000001;0,99534;0,97199999999999998;0,60819999999999996;0,59657000000000004;0,16991000000000001;0,13633000000000001;16,100000000000001;0,80000000000000004;73,599999999999994;70,299999999999997;2,2999999999999998;67,200000000000003;618040;163820;3,7726999999999999;1,0082;0,01;29,399999999999999;Suriname;56,969999999999999;51,609999999999999;126;9,5800000000000001;78,609999999999999;0;11,16;25,359999999999999;0;5,8399999999999999;203532;89,25;7,0599999999999996;29;5031;2926;0,97999999999999998;1,6699999999999999;396769;49,880000000000003;6,1399999999999997;33,899999999999999;1;18,41;11,81;246509;6,6299999999999999;1,1599999999999999;203;50,119999999999997
Sweden;Europe;1,1000000000000001;0,5;1,7;0,90300000000000002;0,871;0,65000000000000002;0,83899999999999997;0,82399999999999995;792;334;510;7,3639999999999999;1,3317099999999999;1,2890699999999999;0,91086999999999996;0,65980000000000005;0,36262;0,43844;1,8;0,59999999999999998;85,099999999999994;83,5;1,7;81,900000000000006;10549347;450295;23,427600000000002;1,0079;0,13;46,100000000000001;Sweden;3,4300000000000002;60,539999999999999;295;5,04;89,049999999999997;7,6399999999999997;6,96;95,489999999999995;24,800000000000001;6,7199999999999998;1263481;98,900000000000006;8,5999999999999996;5,4000000000000004;317743;212237;4,1100000000000003;6,2199999999999998;9015406;50,289999999999999;9,2200000000000006;12,289999999999999;-1,21;11,1;5,9199999999999999;5456623;9,3000000000000007;1,3300000000000001;81585;49,710000000000001
Switzerland;Europe;0,5;0,59999999999999998;0,40000000000000002;0,89800000000000002;0,85099999999999998;0,80100000000000005;0,86299999999999999;0,83399999999999996;490;262;353;7,5869999999999997;1,3965099999999999;1,34951;0,94142999999999999;0,66556999999999999;0,29677999999999999;0,41977999999999999;3,1000000000000001;0,69999999999999996;85,900000000000006;84,299999999999997;1,5;82,5;8740472;41284;211,7157;1,0056;0,11;42,5;Switzerland;2,1800000000000002;50,590000000000003;201;5,7000000000000002;89,549999999999997;5,0099999999999998;4,71;99,700000000000003;25,699999999999999;4,1100000000000003;2242521;99,900000000000006;7,9000000000000004;5,4000000000000004;277492;170961;4,0199999999999996;6,4199999999999999;6332759;49,600000000000001;3,6200000000000001;26,149999999999999;0,51000000000000001;10;4,75;4971006;10,4;0,78000000000000003;43546;50,399999999999999
Syrian Arab Republic;Asia;;;;0,13800000000000001;3,5999999999999997E-2;5,2999999999999999E-2;0,024;5,8000000000000003E-2;;;;3,0059999999999998;0,66320000000000001;0,47488999999999998;0,72192999999999996;0,15684000000000001;0,47178999999999999;0,18906000000000001;;;;;;;22125249;185180;119,47969999999999;1,0376000000000001;0,28000000000000003;;Syrian Arab Republic;38,82;68,609999999999999;4117;14,130000000000001;75,209999999999994;0;19,739999999999998;0;0;6,21;9080189;93,959999999999994;5,0300000000000002;19;84560;49693;0,48999999999999999;0,83999999999999997;11018062;50,119999999999997;0;45,18;2,4300000000000002;18,879999999999999;10,66;5690125;0,20000000000000001;5,0899999999999999;500572;49,880000000000003
Tajikistan;Asia;;;;0,184;4,8000000000000001E-2;5,7000000000000002E-2;6,0999999999999999E-2;7,1999999999999995E-2;683;822;;4,7859999999999996;0,39046999999999998;0,85563;0,57379000000000002;0,47216000000000002;0,22974;0,15071999999999999;23,399999999999999;1,8999999999999999;73,5;71,299999999999997;3,1000000000000001;69,200000000000003;9952787;143100;69,551299999999998;1,0207999999999999;0,12;27;Tajikistan;47,840000000000003;65,849999999999994;2523;7,3200000000000003;73,189999999999998;5,5700000000000003;5,6299999999999999;0;0;7,9100000000000001;6787161;96,769999999999996;4,8399999999999999;83;27929;23018;0,48999999999999999;0,59999999999999998;2549842;50,299999999999997;1,8999999999999999;72,689999999999998;2,02;28,27;19,489999999999998;2430291;0,87;2,9100000000000001;-7192;49,700000000000003
United Republic of Tanzania;Africa;;;;0,372;0,33900000000000002;0,25700000000000001;0,313;0,33200000000000002;;;;3,7810000000000001;0,28520000000000001;1,00268;0,38214999999999999;0,32878000000000002;0,34377000000000002;0,05747;;;;;;;65497748;945087;69,303399999999996;1,03;0,81999999999999995;;United Republic of Tanzania;126,38;89,629999999999995;42819;11,279999999999999;34,380000000000003;3,6000000000000001;2,7799999999999998;23,890000000000001;9,1999999999999993;1,6699999999999999;39216539;29,100000000000001;6,0099999999999998;237;147662;92791;0,31;0,48999999999999999;20656040;49,380000000000003;1,5700000000000001;65,5;1,9199999999999999;37,109999999999999;54,340000000000003;28031346;10,359999999999999;5,1399999999999997;-64819;50,619999999999997
Thailand;Asia;;;;0,19800000000000001;0,17100000000000001;0,111;5,7000000000000002E-2;0,157;5,0810000000000004;3,29;3,4670000000000001;6,4550000000000001;0,96689999999999998;1,2650399999999999;0,73850000000000005;0,55664000000000002;0,57630000000000003;3,1870000000000002E-2;7,0999999999999996;0,20000000000000001;83,900000000000006;79,700000000000003;1,3;75,5;71697030;513120;139,7276;1,0013000000000001;0,90000000000000002;15,800000000000001;Thailand;33,630000000000003;41,909999999999997;3836;9,5099999999999998;76,579999999999998;3,02;0,73999999999999999;25,609999999999999;22,5;0,70999999999999996;35160432;98,420000000000002;7,1399999999999997;150;1291175;818237;2,3599999999999999;3,5299999999999998;36147331;48,700000000000003;2,7799999999999998;49,310000000000002;-1,24;9,3800000000000008;13,9;39952396;7,8499999999999996;1,73;3758;51,299999999999997
Timor-Leste;Asia;;;;0,68000000000000005;0,48799999999999999;0,39600000000000002;0,46500000000000002;0,42599999999999999;244;78;51;;;;;;;;30,899999999999999;1,3999999999999999;70,799999999999997;69,099999999999994;3;67,400000000000006;1341296;14874;90,177199999999999;1,0154000000000001;0,02;40;Timor-Leste;35,210000000000001;72,530000000000001;486;6,8600000000000003;53,079999999999998;4,1799999999999997;5,9100000000000001;0;39,799999999999997;3,25;884181;55,189999999999998;6,8899999999999997;498;4762;3918;0,59999999999999998;0,76000000000000001;396257;51;3,4399999999999999;69,049999999999997;0,93000000000000005;25,510000000000002;40,060000000000002;542136;0,40000000000000002;2,6600000000000001;-5265;49
Togo;Africa;;;;0,42199999999999999;0,23799999999999999;0,27200000000000002;0,35499999999999998;0,318;1,498;;;2,839;0,20868;0,13994999999999999;0,28443000000000002;0,36453000000000002;0,16681000000000001;0,10731;43,899999999999999;2,2999999999999998;62,200000000000003;61,600000000000001;4,2000000000000002;60,899999999999999;8848699;56785;155,82810000000001;1,0236000000000001;0,11;18,699999999999999;Togo;79,620000000000005;77,739999999999995;5917;10,32;41,119999999999997;4,2000000000000002;2,7999999999999998;5,5999999999999996;7,0999999999999996;4,5499999999999998;4760552;18,350000000000001;8,4600000000000009;37;11284;9227;0,22;0,28000000000000003;3482542;50,25;0,85999999999999999;57,75;1,47;32,759999999999998;48,560000000000002;2827220;1,4199999999999999;3,71;-1997;49,75
Tonga;Oceania;;;;;;;;;17;13;3;;;;;;;;9,1999999999999993;0,90000000000000002;74,099999999999994;71,299999999999997;3,2000000000000002;68,599999999999994;106858;747;143,04949999999999;1,0079;0;3,7000000000000002;Tonga;19,5;71,329999999999998;17;9,5199999999999996;79,400000000000006;5,2699999999999996;3,1200000000000001;32,950000000000003;31,100000000000001;1,6399999999999999;80700;94,519999999999996;6,9100000000000001;11;769;515;0,98999999999999999;1,45;24251;49,539999999999999;2,8900000000000001;76,890000000000001;-0,16;23,420000000000002;11,08;36419;0,38;-0,28999999999999998;-1898;50,460000000000001
Trinidad and Tobago;Americas;29,399999999999999;;;0,77900000000000003;0,65600000000000003;0,501;0,70599999999999996;0,622;;;;6,1680000000000001;1,21183;1,18354;0,61482999999999999;0,55884;0,31844;0,0114;15;0,29999999999999999;78,200000000000003;74,700000000000003;1,6000000000000001;71,299999999999997;1531044;5130;298,44909999999999;1,0035000000000001;0,02;26,199999999999999;Trinidad and Tobago;39,109999999999999;42,390000000000001;172;10,359999999999999;82,659999999999997;3,6000000000000001;4,04;0;0;3,1299999999999999;711537;93,920000000000002;7,7000000000000002;16;16885;8746;1,1599999999999999;2,2000000000000002;808418;49,469999999999999;3,1400000000000001;46,810000000000002;1;12,359999999999999;6,9800000000000004;695102;6,0599999999999996;1,01;-19248;50,530000000000001
Tunisia;Africa;;;;0,53800000000000003;0,38800000000000001;0,35599999999999998;0,46700000000000003;0,46300000000000002;1,115;488;520;4,7389999999999999;0,88112999999999997;0,60428999999999999;0,73792999999999997;0,26268000000000002;6,4310000000000006E-2;6,3579999999999998E-2;13,5;0,80000000000000004;77,400000000000006;74,299999999999997;2,1000000000000001;71,400000000000006;12356117;163610;75,521799999999999;1,0076000000000001;0,14999999999999999;26,300000000000001;Tunisia;7,0700000000000003;49,869999999999997;2258;6,9100000000000001;85,939999999999998;0;22,170000000000002;79,719999999999999;25;12,26;3704682;96,379999999999995;6,1399999999999997;35;110831;75907;1,27;1,8200000000000001;8344632;49,490000000000002;2,8199999999999998;30,75;-2,9999999999999999E-2;17,219999999999999;7,1399999999999997;4240590;2,0099999999999998;1,4199999999999999;-19609;50,509999999999998
Türkiye;Asia;2,5;1;4;0,28299999999999997;0,123;0,17299999999999999;8,6999999999999994E-2;0,219;5,4340000000000002;5,2779999999999996;5,6909999999999998;;;;;;;;7,7000000000000002;0,59999999999999998;81,5;78,5;1,8999999999999999;75,400000000000006;85341241;783562;108,9145;1,0066999999999999;1,0700000000000001;17,399999999999999;Türkiye;19,289999999999999;46,740000000000002;5815;4,6699999999999999;90,170000000000002;4,4500000000000002;16,43;72,700000000000003;30,899999999999999;12,34;20124610;98,689999999999998;5,0800000000000001;16;763431;368730;0,89000000000000001;1,8500000000000001;62454830;50,149999999999999;3,3900000000000001;24,370000000000001;-0,55000000000000004;15,59;5,1699999999999999;33249207;1,8200000000000001;2,0800000000000001;-218341;49,850000000000001
Turkmenistan;Asia;;;;0,14999999999999999;3,5999999999999997E-2;3,2000000000000001E-2;2,9999999999999999E-2;8,6999999999999994E-2;;;;5,548;0,95847000000000004;1,22668;0,53886000000000001;0,47610000000000002;0,16979;0,30843999999999999;32,899999999999999;1,3999999999999999;72,900000000000006;69,400000000000006;2,6000000000000001;65,900000000000006;6430770;488100;13,1751;1,014;8,0000000000000002E-2;25,899999999999999;Turkmenistan;23,300000000000001;55,549999999999997;1378;5,7400000000000002;72,299999999999997;3,1899999999999999;2,8700000000000001;0;5,7999999999999998;5,7300000000000004;2953086;99;6,5800000000000001;45;28182;13688;0,45000000000000001;0,91000000000000003;3205334;49,530000000000001;1,01;47,950000000000003;0,57999999999999996;23,059999999999999;21,949999999999999;1983961;2,9300000000000002;2,4100000000000001;-9612;50,469999999999999
Tuvalu;Oceania;;;;;;;;;1;;;;;;;;;;17,600000000000001;0,80000000000000004;69,400000000000006;64,900000000000006;3,1000000000000001;61,100000000000001;11312;26;435,07690000000002;1,0096000000000001;0;6,2999999999999998;Tuvalu;33,229999999999997;59,640000000000001;3;0;0;0;0;38,659999999999997;36;0;4030;83,5;10,16;296;58;29;0,52000000000000002;1,1000000000000001;6926;51,609999999999999;15,640000000000001;36,780000000000001;-1,3999999999999999;23,620000000000001;0;0;1,25;2,1600000000000001;-57;48,380000000000003
Uganda;Africa;8,5;;;0,29099999999999998;0,20300000000000001;0,183;0,25700000000000001;0,16300000000000001;8,2639999999999993;;;3,931;0,21102000000000001;1,1329899999999999;0,33861000000000002;0,45727000000000001;0,29065999999999997;7,2669999999999998E-2;30,399999999999999;2,7999999999999998;65,700000000000003;63,600000000000001;4,5;61,5;47249585;241550;195,61000000000001;1,0304;0,58999999999999997;33,799999999999997;Uganda;112,08;91,739999999999995;28720;12,76;35,579999999999998;2,3100000000000001;4,0499999999999998;17,329999999999998;8,9000000000000004;3,0699999999999998;32486255;20,41;5,8200000000000003;200;41001;22595;0,11;0,19;10462825;49,460000000000001;0,56999999999999995;75,640000000000001;2,6200000000000001;37,670000000000002;51,659999999999997;16175558;12,210000000000001;5,8300000000000001;107203;50,539999999999999
Ukraine;Europe;3,7999999999999998;;;0,51300000000000001;0,312;0,32200000000000001;0,42599999999999999;0,37;1,5369999999999999;1,714;656;4,681;0,79906999999999995;1,20278;0,67390000000000005;0,25123000000000001;0,15275;2,9610000000000001E-2;7,0999999999999996;-18,399999999999999;73,900000000000006;68,599999999999994;1,3;63,5;39701739;603500;65,785799999999995;0,91200000000000003;0,5;20,300000000000001;Ukraine;16,550000000000001;47,759999999999998;1709;5,0099999999999998;91,859999999999999;5,4400000000000004;7,8600000000000003;71,980000000000004;26,199999999999999;8,5;13549776;97,739999999999995;14,699999999999999;77;1409249;525852;2,5600000000000001;5,9199999999999999;30836427;46,32;3,1800000000000002;30,530000000000001;-0,93000000000000005;8,0999999999999996;3,1299999999999999;21148251;8,6999999999999993;-0,35999999999999999;-7812;53,68
United Arab Emirates;Asia;0,5;0,40000000000000002;0,5;9,9000000000000005E-2;8,2000000000000003E-2;3,2000000000000001E-2;8,5999999999999993E-2;0,13400000000000001;461;260;;6,9009999999999998;1,42727;1,12575;0,80925000000000002;0,64156999999999997;0,26428000000000001;0,38583000000000001;5,2000000000000002;0,80000000000000004;81,400000000000006;79,200000000000003;1,3999999999999999;77,700000000000003;9441129;83600;112,93219999999999;1,0081;0,12;50;United Arab Emirates;3,8199999999999998;19,309999999999999;436;15,81;77,099999999999994;3,8599999999999999;5,9900000000000002;98,459999999999994;0;1,5;1216952;99,099999999999994;1,47;1;20197;16194;0,25;0,72999999999999998;7994705;69,950000000000003;2,2400000000000002;13,210000000000001;-1,22;9,75;7,0899999999999999;6479503;2,3700000000000001;1,0900000000000001;-4466;30,050000000000001
United Kingdom;Europe;;;;0,86199999999999999;0,78700000000000003;0,63300000000000001;0,76600000000000001;0,71499999999999997;4,6210000000000004;2,335;4,04;6,867;1,26637;1,28548;0,90942999999999996;0,59624999999999995;0,51912000000000003;0,32067000000000001;3,2000000000000002;0,29999999999999999;83,799999999999997;82,200000000000003;1,6000000000000001;80,400000000000006;67508936;242900;277,9289;1,0034000000000001;0,84999999999999998;34,399999999999999;United Kingdom;11,34;57,240000000000002;1885;3,6899999999999999;88,159999999999997;5,25;3,5299999999999998;98,079999999999998;16,100000000000001;3,9199999999999999;10926403;99,109999999999999;9;8,0999999999999996;2004041;1362177;4,1299999999999999;5,9199999999999999;55909924;49,380000000000003;7,9199999999999999;16,350000000000001;-0,97999999999999998;10,699999999999999;8,1600000000000001;34695933;10,82;0,87;221179;50,619999999999997
United States of America;Americas;;;;0,81299999999999994;0,73499999999999999;0,57699999999999996;0,70199999999999996;0,58099999999999996;;;;7,1189999999999998;1,3945099999999999;1,2471099999999999;0,86178999999999994;0,54603999999999997;0,40105000000000002;0,15890000000000001;;;;;;;338289857;9372610;36,093499999999999;1,0038;4,2400000000000002;;United States of America;16,41;52,740000000000002;10296;6,5499999999999998;88,140000000000001;4,9900000000000002;3,6099999999999999;97,109999999999999;23,399999999999999;3,7200000000000002;57592357;99,680000000000007;8,6999999999999993;2,8999999999999999;7191218;4920646;3,02;4,3399999999999999;270737596;49,560000000000002;8,5999999999999996;17,539999999999999;-0,69999999999999996;11,4;5,2999999999999998;167100511;9,5700000000000003;0,69999999999999996;1158444;50,439999999999998
Uruguay;Americas;8,9000000000000004;2,2999999999999998;16;0,84899999999999998;0,77500000000000002;0,66400000000000003;0,72399999999999998;0,70599999999999996;317;180;160;6,4850000000000003;1,06166;1,2089000000000001;0,81159999999999999;0,60362000000000005;0,2324;0,24557999999999999;5,7999999999999998;0;81,700000000000003;78;1,5;74,099999999999994;3422794;181034;18,9069;0,999;4,0000000000000001E-2;25,300000000000001;Uruguay;38,380000000000003;54,649999999999999;176;7,3399999999999999;85,510000000000005;4,6399999999999997;10,51;0;22;7,2000000000000002;156815;97,769999999999996;10,06;35;111795;45792;2,7599999999999998;6,3200000000000003;3271594;48,390000000000001;6,25;4,5700000000000003;-1,95;10,82;7,1500000000000004;1743411;5,4500000000000002;0,14000000000000001;-2902;51,609999999999999
Uzbekistan;Asia;1,3999999999999999;1,1000000000000001;1,8;0,21199999999999999;8,2000000000000003E-2;0,062;0,16200000000000001;0,154;2,1349999999999998;2,4049999999999998;1,5589999999999999;6,0030000000000001;0,63244;1,34043;0,59772000000000003;0,65820999999999996;0,22836999999999999;0,30825999999999998;12,4;1,6000000000000001;74,299999999999997;71,700000000000003;2,7999999999999998;69;34627652;447400;77,397499999999994;1,016;0,42999999999999999;33,299999999999997;Uzbekistan;17,449999999999999;51,909999999999997;5062;6,6100000000000003;85,180000000000007;6,2999999999999998;5,6100000000000003;74,409999999999997;17,800000000000001;6;16644772;95,939999999999998;4,5999999999999996;67;176724;82976;0,48999999999999999;1,05;16935578;50,020000000000003;2,2599999999999998;49,57;1,97;24,300000000000001;8,2100000000000009;13371837;2,6000000000000001;1,79;-69397;49,979999999999997
Vanuatu;Oceania;;;;0,77100000000000002;0,65100000000000002;0,48299999999999998;0,61899999999999999;0,58599999999999997;46;15;5;;;;;;;;18,800000000000001;2,3999999999999999;73,099999999999994;70,5;3,7000000000000002;68,299999999999997;326740;12189;26,806100000000001;1,0238;0;0;Vanuatu;65,859999999999999;77,099999999999994;103;9,2200000000000006;73,930000000000007;1,77;1,55;0;18,199999999999999;1,9199999999999999;227104;48,340000000000003;5,6600000000000001;41;1226;1147;0,75;0,81000000000000005;77300;50,310000000000002;1,8999999999999999;74,609999999999999;2,2000000000000002;30,399999999999999;16,859999999999999;126759;1,8700000000000001;2,8399999999999999;-403;49,689999999999998
Venezuela;Americas;19,300000000000001;;;0,218;6,4000000000000001E-2;0,16600000000000001;3,5999999999999997E-2;0,122;3,476;1,6459999999999999;877;6,8099999999999996;1,0442400000000001;1,25596;0,72052000000000005;0,42908000000000002;5,8409999999999997E-2;0,11069;14,800000000000001;1,8;75,700000000000003;71,099999999999994;2,2000000000000002;66,900000000000006;28301696;916445;30,882000000000001;1,0036;0,34999999999999998;;Venezuela;85,340000000000003;56,810000000000002;5377;19,379999999999999;65,060000000000002;0;5,9400000000000004;26,559999999999999;0;4,5599999999999996;3407070;96,760000000000005;7,0199999999999996;45;225442;125525;0,87;1,54;25564613;49,590000000000003;0,81000000000000005;11,76;-3,1800000000000002;16,890000000000001;15,56;11431538;3,02;-2,8700000000000001;-976460;50,409999999999997
Viet Nam;Asia;;;;0,157;0,112;0,16800000000000001;0,189;0,186;;;;5,3600000000000003;0,63216000000000006;0,91225999999999996;0,74675999999999998;0,59443999999999997;0,1686;0,10441;;;;;;;98186856;331212;296,44720000000001;1,0074000000000001;1,23;;Viet Nam;34,700000000000003;44,789999999999999;12424;9,3300000000000001;81,370000000000005;3,0800000000000001;1,6000000000000001;42,310000000000002;25;1,76;60695620;86,640000000000001;6,71;176;1125629;449144;0,94999999999999996;2,3199999999999998;35081096;49,369999999999997;2,04;63,369999999999997;-0,20999999999999999;15,66;9,3000000000000007;55877866;9,3399999999999999;2,8599999999999999;-4028;50,630000000000003
State of Palestine;Asia;;;;0,26000000000000001;0,14399999999999999;0,17399999999999999;0,14899999999999999;0,19600000000000001;;;;;;;;;;;;;;;;;5250072;6220;844,06299999999999;1,0226999999999999;7,0000000000000007E-2;;State of Palestine;45,979999999999997;75,829999999999998;1424;0;0;0;40,890000000000001;65,450000000000003;0;21,199999999999999;1103858;98,150000000000006;3,2200000000000002;0,53000000000000003;14079;8564;0,37;0,59999999999999998;3581448;49,840000000000003;0;23,559999999999999;1,3500000000000001;29,469999999999999;0;1249457;0;2,8700000000000001;-24737;50,159999999999997
Yemen;Asia;;;;0,114;3,5000000000000003E-2;6,7000000000000004E-2;1,7999999999999999E-2;2,8000000000000001E-2;;;;4,077;0,54649000000000003;0,68093000000000004;0,40064;0,35571000000000003;9,1310000000000002E-2;7,8539999999999999E-2;46,799999999999997;2,2000000000000002;67,200000000000003;63,700000000000003;3,7000000000000002;60,5;33696614;527968;63,8232;1,0217000000000001;0,41999999999999998;0;Yemen;57,829999999999998;76,180000000000007;24203;19,489999999999998;50,359999999999999;0;25,039999999999999;18,57;20,5;11,960000000000001;19788293;53,630000000000003;6,4199999999999999;48;71483;43703;0,27000000000000002;0,46000000000000002;11758398;50,57;0;62,729999999999997;1,4299999999999999;31,780000000000001;30,149999999999999;7138301;2,9999999999999999E-2;4,1299999999999999;-39769;49,43
Zambia;Africa;;;;0,41099999999999998;0,318;0,27000000000000002;0,221;0,25900000000000001;3,2160000000000002;471;;5,1289999999999996;0,47038000000000002;0,91612000000000005;0,29924000000000001;0,48826999999999998;0,19591;0,12468;38,200000000000003;2,7000000000000002;64,5;61,799999999999997;4,2000000000000002;59,100000000000001;20017675;752612;26,5976;1,028;0,25;15,1;Zambia;122,84;84,540000000000006;9546;8,6899999999999995;34,789999999999999;4,4199999999999999;5,2199999999999998;0;14,6;5,7999999999999998;10279833;35,460000000000001;6,5700000000000003;333;25055;13257;0,14999999999999999;0,27000000000000002;8100644;49,329999999999998;2,1400000000000001;55,93;2,0299999999999998;35,460000000000001;56,520000000000003;6117559;3,8500000000000001;4,2699999999999996;18019;50,670000000000002
Zimbabwe;Africa;6,0999999999999996;1,8999999999999999;10,9;0,29099999999999998;0,19400000000000001;0,221;0,215;0,191;2,6579999999999999;;;4,6100000000000003;0,27100000000000002;1,0327599999999999;0,33474999999999999;0,25861000000000001;0,18987000000000001;8,0790000000000001E-2;37,399999999999999;2,1000000000000001;62,100000000000001;59,399999999999999;3,3999999999999999;56,399999999999999;16320537;390757;41,766500000000001;1,0204;0,20000000000000001;30,600000000000001;Zimbabwe;97,349999999999994;81,209999999999994;8426;13,09;39,259999999999998;0;6,9900000000000002;32,960000000000001;12,1;7,7599999999999998;10408889;35,770000000000003;8,0399999999999991;199;44686;25432;0,34999999999999998;0,55000000000000004;4945719;47,100000000000001;0,52000000000000002;67,790000000000006;1,99;31,52;47,649999999999999;5912685;3,6299999999999999;1,99;-59918;52,899999999999999
Niue;Oceania;;;;;;;;;0;0;0;;;;;;;;19,399999999999999;0,29999999999999999;72,900000000000006;71,200000000000003;2,3999999999999999;69,5;1934;260;7,4385000000000003;0,99850000000000005;0;;;;;;;;;;;;;;;;;;;;;;;;;;;;;;;;
Holy See;Europe;0;;;;;;;;;;;;;;;;;;;1;;;;;510;1;510;0,998;0;;;;;;;;;;;;;;;;;;;;;;;;;;;;;;;;
Moldova (Republic of);Europe;;;;0,745;0,61599999999999999;0,51500000000000001;0,59999999999999998;0,57299999999999995;;;;5,8890000000000002;0,59448000000000001;1,01528;0,61826000000000003;0,32818000000000003;0,20951;1,6150000000000001E-2;;;;;;;3272996;33846;96,702600000000004;1,0690999999999999;4,0000000000000001E-2;;;;;;;;;;;;;;;;;;;;;;;;;;;;;;;;
